,Country,League,Date,Local,Local Goals,Away Goals,Away
0,England,Premier League,12-08-2022,Arsenal,4,2,Leicester
1,England,Premier League,26-08-2022,Arsenal,2,1,Fulham
2,England,Premier League,30-08-2022,Arsenal,2,1,Aston Villa
3,England,Premier League,30-09-2022,Arsenal,3,1,Tottenham
4,England,Premier League,08-10-2022,Arsenal,3,2,Liverpool
5,England,Premier League,29-10-2022,Arsenal,5,0,Nott'm Forest
6,England,Premier League,25-12-2022,Arsenal,3,1,West Ham
7,England,Premier League,02-01-2023,Arsenal,0,0,Newcastle
8,England,Premier League,21-01-2023,Arsenal,3,2,Man United
9,England,Premier League,10-02-2023,Arsenal,1,1,Brentford
10,England,Premier League,14-02-2023,Arsenal,1,3,Man City
11,England,Premier League,28-02-2023,Arsenal,4,0,Everton
12,England,Premier League,03-03-2023,Arsenal,3,2,Bournemouth
13,England,Premier League,18-03-2023,Arsenal,4,1,Crystal Palace
14,England,Premier League,31-03-2023,Arsenal,4,1,Leeds
15,England,Premier League,20-04-2023,Arsenal,3,3,Southampton
16,England,Premier League,01-05-2023,Arsenal,3,1,Chelsea
17,England,Premier League,13-05-2023,Arsenal,0,3,Brighton
18,England,Premier League,27-05-2023,Arsenal,5,0,Wolves
19,England,Premier League,04-08-2022,Crystal Palace,0,2,Arsenal
20,England,Premier League,19-08-2022,Bournemouth,0,3,Arsenal
21,England,Premier League,03-09-2022,Man United,3,1,Arsenal
22,England,Premier League,17-09-2022,Brentford,0,3,Arsenal
23,England,Premier League,15-10-2022,Leeds,0,1,Arsenal
24,England,Premier League,22-10-2022,Southampton,1,1,Arsenal
25,England,Premier League,05-11-2022,Chelsea,0,1,Arsenal
26,England,Premier League,11-11-2022,Wolves,0,2,Arsenal
27,England,Premier League,30-12-2022,Brighton,2,4,Arsenal
28,England,Premier League,14-01-2023,Tottenham,0,2,Arsenal
29,England,Premier League,03-02-2023,Everton,1,0,Arsenal
30,England,Premier League,17-02-2023,Aston Villa,2,4,Arsenal
31,England,Premier League,24-02-2023,Leicester,0,1,Arsenal
32,England,Premier League,11-03-2023,Fulham,0,3,Arsenal
33,England,Premier League,08-04-2023,Liverpool,2,2,Arsenal
34,England,Premier League,15-04-2023,West Ham,2,2,Arsenal
35,England,Premier League,25-04-2023,Man City,4,1,Arsenal
36,England,Premier League,06-05-2023,Newcastle,0,2,Arsenal
37,England,Premier League,19-05-2023,Nott'm Forest,1,0,Arsenal
38,England,Premier League,12-08-2022,Aston Villa,2,1,Everton
39,England,Premier League,27-08-2022,Aston Villa,0,1,West Ham
40,England,Premier League,02-09-2022,Aston Villa,1,1,Man City
41,England,Premier League,15-09-2022,Aston Villa,1,0,Southampton
42,England,Premier League,15-10-2022,Aston Villa,0,2,Chelsea
43,England,Premier League,22-10-2022,Aston Villa,4,0,Brentford
44,England,Premier League,05-11-2022,Aston Villa,3,1,Man United
45,England,Premier League,25-12-2022,Aston Villa,1,3,Liverpool
46,England,Premier League,03-01-2023,Aston Villa,1,1,Wolves
47,England,Premier League,12-01-2023,Aston Villa,2,1,Leeds
48,England,Premier League,03-02-2023,Aston Villa,2,4,Leicester
49,England,Premier League,03-03-2023,Aston Villa,1,0,Crystal Palace
50,England,Premier League,17-03-2023,Aston Villa,3,0,Bournemouth
51,England,Premier League,07-04-2023,Aston Villa,2,0,Nott'm Forest
52,England,Premier League,14-04-2023,Aston Villa,3,0,Newcastle
53,England,Premier League,24-04-2023,Aston Villa,1,0,Fulham
54,England,Premier League,12-05-2023,Aston Villa,2,1,Tottenham
55,England,Premier League,27-05-2023,Aston Villa,2,1,Brighton
56,England,Premier League,05-08-2022,Bournemouth,2,0,Aston Villa
57,England,Premier League,19-08-2022,Crystal Palace,3,1,Aston Villa
58,England,Premier League,01-10-2022,Leeds,0,0,Aston Villa
59,England,Premier League,09-10-2022,Nott'm Forest,1,1,Aston Villa
60,England,Premier League,19-10-2022,Fulham,3,0,Aston Villa
61,England,Premier League,28-10-2022,Newcastle,4,0,Aston Villa
62,England,Premier League,12-11-2022,Brighton,1,2,Aston Villa
63,England,Premier League,31-12-2022,Tottenham,0,2,Aston Villa
64,England,Premier League,20-01-2023,Southampton,0,1,Aston Villa
65,England,Premier League,11-02-2023,Man City,3,1,Aston Villa
66,England,Premier League,24-02-2023,Everton,0,2,Aston Villa
67,England,Premier League,11-03-2023,West Ham,1,1,Aston Villa
68,England,Premier League,31-03-2023,Chelsea,0,2,Aston Villa
69,England,Premier League,03-04-2023,Leicester,1,2,Aston Villa
70,England,Premier League,21-04-2023,Brentford,1,1,Aston Villa
71,England,Premier League,29-04-2023,Man United,1,0,Aston Villa
72,England,Premier League,05-05-2023,Wolves,1,0,Aston Villa
73,England,Premier League,19-05-2023,Liverpool,1,1,Aston Villa
74,England,Premier League,30-08-2022,Bournemouth,0,0,Wolves
75,England,Premier League,30-09-2022,Bournemouth,0,0,Brentford
76,England,Premier League,07-10-2022,Bournemouth,2,1,Leicester
77,England,Premier League,18-10-2022,Bournemouth,0,1,Southampton
78,England,Premier League,28-10-2022,Bournemouth,2,3,Tottenham
79,England,Premier League,11-11-2022,Bournemouth,3,0,Everton
80,England,Premier League,30-12-2022,Bournemouth,0,2,Crystal Palace
81,England,Premier League,20-01-2023,Bournemouth,1,1,Nott'm Forest
82,England,Premier League,10-02-2023,Bournemouth,1,1,Newcastle
83,England,Premier League,24-02-2023,Bournemouth,1,4,Man City
84,England,Premier League,10-03-2023,Bournemouth,1,0,Liverpool
85,England,Premier League,31-03-2023,Bournemouth,2,1,Fulham
86,England,Premier League,03-04-2023,Bournemouth,0,2,Brighton
87,England,Premier League,22-04-2023,Bournemouth,0,4,West Ham
88,England,Premier League,29-04-2023,Bournemouth,4,1,Leeds
89,England,Premier League,05-05-2023,Bournemouth,1,3,Chelsea
90,England,Premier League,19-05-2023,Bournemouth,0,1,Man United
91,England,Premier League,12-08-2022,Man City,4,0,Bournemouth
92,England,Premier League,26-08-2022,Liverpool,9,0,Bournemouth
93,England,Premier League,02-09-2022,Nott'm Forest,2,3,Bournemouth
94,England,Premier League,16-09-2022,Newcastle,1,1,Bournemouth
95,England,Premier League,14-10-2022,Fulham,2,2,Bournemouth
96,England,Premier League,23-10-2022,West Ham,2,0,Bournemouth
97,England,Premier League,04-11-2022,Leeds,4,3,Bournemouth
98,England,Premier League,26-12-2022,Chelsea,2,0,Bournemouth
99,England,Premier League,02-01-2023,Man United,3,0,Bournemouth
100,England,Premier League,13-01-2023,Brentford,2,0,Bournemouth
101,England,Premier League,03-02-2023,Brighton,1,0,Bournemouth
102,England,Premier League,17-02-2023,Wolves,0,1,Bournemouth
103,England,Premier League,07-04-2023,Leicester,0,1,Bournemouth
104,England,Premier League,14-04-2023,Tottenham,2,3,Bournemouth
105,England,Premier League,26-04-2023,Southampton,0,1,Bournemouth
106,England,Premier League,12-05-2023,Crystal Palace,2,0,Bournemouth
107,England,Premier League,27-05-2023,Everton,1,0,Bournemouth
108,England,Premier League,12-08-2022,Brentford,4,0,Man United
109,England,Premier League,26-08-2022,Brentford,1,1,Everton
110,England,Premier League,02-09-2022,Brentford,5,2,Leeds
111,England,Premier League,13-10-2022,Brentford,2,0,Brighton
112,England,Premier League,18-10-2022,Brentford,0,0,Chelsea
113,England,Premier League,28-10-2022,Brentford,1,1,Wolves
114,England,Premier League,25-12-2022,Brentford,2,2,Tottenham
115,England,Premier League,01-01-2023,Brentford,3,1,Liverpool
116,England,Premier League,03-02-2023,Brentford,3,0,Southampton
117,England,Premier League,17-02-2023,Brentford,1,1,Crystal Palace
118,England,Premier League,05-03-2023,Brentford,3,2,Fulham
119,England,Premier League,17-03-2023,Brentford,1,1,Leicester
120,England,Premier League,07-04-2023,Brentford,1,2,Newcastle
121,England,Premier League,28-04-2023,Brentford,2,1,Nott'm Forest
122,England,Premier League,13-05-2023,Brentford,2,0,West Ham
123,England,Premier League,27-05-2023,Brentford,1,0,Man City
124,England,Premier League,06-08-2022,Leicester,2,2,Brentford
125,England,Premier League,19-08-2022,Fulham,3,2,Brentford
126,England,Premier League,29-08-2022,Crystal Palace,1,1,Brentford
127,England,Premier League,07-10-2022,Newcastle,5,1,Brentford
128,England,Premier League,04-11-2022,Nott'm Forest,2,2,Brentford
129,England,Premier League,11-11-2022,Man City,1,2,Brentford
130,England,Premier League,29-12-2022,West Ham,0,2,Brentford
131,England,Premier League,21-01-2023,Leeds,0,0,Brentford
132,England,Premier League,10-03-2023,Everton,1,0,Brentford
133,England,Premier League,14-03-2023,Southampton,0,2,Brentford
134,England,Premier League,31-03-2023,Brighton,3,3,Brentford
135,England,Premier League,04-04-2023,Man United,1,0,Brentford
136,England,Premier League,14-04-2023,Wolves,2,0,Brentford
137,England,Premier League,25-04-2023,Chelsea,0,2,Brentford
138,England,Premier League,05-05-2023,Liverpool,1,0,Brentford
139,England,Premier League,19-05-2023,Tottenham,1,3,Brentford
140,England,Premier League,12-08-2022,Brighton,0,0,Newcastle
141,England,Premier League,26-08-2022,Brighton,1,0,Leeds
142,England,Premier League,03-09-2022,Brighton,5,2,Leicester
143,England,Premier League,07-10-2022,Brighton,0,1,Tottenham
144,England,Premier League,17-10-2022,Brighton,0,0,Nott'm Forest
145,England,Premier League,28-10-2022,Brighton,4,1,Chelsea
146,England,Premier League,13-01-2023,Brighton,3,0,Liverpool
147,England,Premier League,17-02-2023,Brighton,0,1,Fulham
148,England,Premier League,03-03-2023,Brighton,4,0,West Ham
149,England,Premier League,14-03-2023,Brighton,1,0,Crystal Palace
150,England,Premier League,28-04-2023,Brighton,6,0,Wolves
151,England,Premier League,03-05-2023,Brighton,1,0,Man United
152,England,Premier League,07-05-2023,Brighton,1,5,Everton
153,England,Premier League,20-05-2023,Brighton,3,1,Southampton
154,England,Premier League,23-05-2023,Brighton,1,1,Man City
155,England,Premier League,06-08-2022,Man United,1,2,Brighton
156,England,Premier League,20-08-2022,West Ham,0,2,Brighton
157,England,Premier League,29-08-2022,Fulham,2,1,Brighton
158,England,Premier League,30-09-2022,Liverpool,3,3,Brighton
159,England,Premier League,21-10-2022,Man City,3,1,Brighton
160,England,Premier League,04-11-2022,Wolves,2,3,Brighton
161,England,Premier League,25-12-2022,Southampton,1,3,Brighton
162,England,Premier League,02-01-2023,Everton,1,4,Brighton
163,England,Premier League,20-01-2023,Leicester,2,2,Brighton
164,England,Premier League,10-02-2023,Crystal Palace,1,1,Brighton
165,England,Premier League,10-03-2023,Leeds,2,2,Brighton
166,England,Premier League,07-04-2023,Tottenham,2,1,Brighton
167,England,Premier League,14-04-2023,Chelsea,1,2,Brighton
168,England,Premier League,25-04-2023,Nott'm Forest,3,1,Brighton
169,England,Premier League,17-05-2023,Newcastle,4,1,Brighton
170,England,Premier League,13-08-2022,Chelsea,2,2,Tottenham
171,England,Premier League,26-08-2022,Chelsea,2,1,Leicester
172,England,Premier League,02-09-2022,Chelsea,2,1,West Ham
173,England,Premier League,07-10-2022,Chelsea,3,0,Wolves
174,England,Premier League,21-10-2022,Chelsea,1,1,Man United
175,England,Premier League,04-01-2023,Chelsea,0,1,Man City
176,England,Premier League,14-01-2023,Chelsea,1,0,Crystal Palace
177,England,Premier League,02-02-2023,Chelsea,0,0,Fulham
178,England,Premier League,17-02-2023,Chelsea,0,1,Southampton
179,England,Premier League,03-03-2023,Chelsea,1,0,Leeds
180,England,Premier League,17-03-2023,Chelsea,2,2,Everton
181,England,Premier League,03-04-2023,Chelsea,0,0,Liverpool
182,England,Premier League,12-05-2023,Chelsea,2,2,Nott'm Forest
183,England,Premier League,27-05-2023,Chelsea,1,1,Newcastle
184,England,Premier League,05-08-2022,Everton,0,1,Chelsea
185,England,Premier League,20-08-2022,Leeds,3,0,Chelsea
186,England,Premier League,29-08-2022,Southampton,2,1,Chelsea
187,England,Premier League,30-09-2022,Crystal Palace,1,2,Chelsea
188,England,Premier League,11-11-2022,Newcastle,1,0,Chelsea
189,England,Premier League,31-12-2022,Nott'm Forest,1,1,Chelsea
190,England,Premier League,11-01-2023,Fulham,2,1,Chelsea
191,England,Premier League,20-01-2023,Liverpool,0,0,Chelsea
192,England,Premier League,10-02-2023,West Ham,1,1,Chelsea
193,England,Premier League,25-02-2023,Tottenham,2,0,Chelsea
194,England,Premier League,10-03-2023,Leicester,1,3,Chelsea
195,England,Premier League,07-04-2023,Wolves,1,0,Chelsea
196,England,Premier League,20-05-2023,Man City,1,0,Chelsea
197,England,Premier League,24-05-2023,Man United,4,1,Chelsea
198,England,Premier League,08-10-2022,Crystal Palace,2,1,Leeds
199,England,Premier League,17-10-2022,Crystal Palace,2,1,Wolves
200,England,Premier League,28-10-2022,Crystal Palace,1,0,Southampton
201,England,Premier League,25-12-2022,Crystal Palace,0,3,Fulham
202,England,Premier League,03-01-2023,Crystal Palace,0,4,Tottenham
203,England,Premier League,17-01-2023,Crystal Palace,1,1,Man United
204,England,Premier League,20-01-2023,Crystal Palace,0,0,Newcastle
205,England,Premier League,24-02-2023,Crystal Palace,0,0,Liverpool
206,England,Premier League,10-03-2023,Crystal Palace,0,1,Man City
207,England,Premier League,31-03-2023,Crystal Palace,2,1,Leicester
208,England,Premier League,21-04-2023,Crystal Palace,0,0,Everton
209,England,Premier League,28-04-2023,Crystal Palace,4,3,West Ham
210,England,Premier League,27-05-2023,Crystal Palace,1,1,Nott'm Forest
211,England,Premier League,14-08-2022,Liverpool,1,1,Crystal Palace
212,England,Premier League,26-08-2022,Man City,4,2,Crystal Palace
213,England,Premier League,02-09-2022,Newcastle,0,0,Crystal Palace
214,England,Premier League,14-10-2022,Leicester,0,0,Crystal Palace
215,England,Premier League,21-10-2022,Everton,3,0,Crystal Palace
216,England,Premier League,05-11-2022,West Ham,1,2,Crystal Palace
217,England,Premier League,11-11-2022,Nott'm Forest,1,0,Crystal Palace
218,England,Premier League,03-02-2023,Man United,2,1,Crystal Palace
219,England,Premier League,08-04-2023,Leeds,1,5,Crystal Palace
220,England,Premier League,14-04-2023,Southampton,0,2,Crystal Palace
221,England,Premier League,24-04-2023,Wolves,2,0,Crystal Palace
222,England,Premier League,05-05-2023,Tottenham,1,0,Crystal Palace
223,England,Premier League,19-05-2023,Fulham,2,2,Crystal Palace
224,England,Premier League,19-08-2022,Everton,1,1,Nott'm Forest
225,England,Premier League,02-09-2022,Everton,0,0,Liverpool
226,England,Premier League,17-09-2022,Everton,1,0,West Ham
227,England,Premier League,08-10-2022,Everton,1,2,Man United
228,England,Premier League,04-11-2022,Everton,0,2,Leicester
229,England,Premier League,25-12-2022,Everton,1,2,Wolves
230,England,Premier League,13-01-2023,Everton,1,2,Southampton
231,England,Premier League,17-02-2023,Everton,1,0,Leeds
232,England,Premier League,02-04-2023,Everton,1,1,Tottenham
233,England,Premier League,14-04-2023,Everton,1,3,Fulham
234,England,Premier League,26-04-2023,Everton,1,4,Newcastle
235,England,Premier League,13-05-2023,Everton,0,3,Man City
236,England,Premier League,29-08-2022,Leeds,1,1,Everton
237,England,Premier League,30-09-2022,Southampton,1,2,Everton
238,England,Premier League,14-10-2022,Tottenham,2,0,Everton
239,England,Premier League,18-10-2022,Newcastle,1,0,Everton
240,England,Premier League,28-10-2022,Fulham,0,0,Everton
241,England,Premier League,30-12-2022,Man City,1,1,Everton
242,England,Premier League,20-01-2023,West Ham,2,0,Everton
243,England,Premier League,12-02-2023,Liverpool,2,0,Everton
244,England,Premier League,04-03-2023,Nott'm Forest,2,2,Everton
245,England,Premier League,07-04-2023,Man United,2,0,Everton
246,England,Premier League,30-04-2023,Leicester,2,2,Everton
247,England,Premier League,19-05-2023,Wolves,1,1,Everton
248,England,Premier League,05-08-2022,Fulham,2,2,Liverpool
249,England,Premier League,30-09-2022,Fulham,1,4,Newcastle
250,England,Premier League,12-11-2022,Fulham,1,2,Man United
251,England,Premier League,30-12-2022,Fulham,2,1,Southampton
252,England,Premier League,22-01-2023,Fulham,0,1,Tottenham
253,England,Premier League,10-02-2023,Fulham,2,0,Nott'm Forest
254,England,Premier League,23-02-2023,Fulham,1,1,Wolves
255,England,Premier League,07-04-2023,Fulham,0,1,West Ham
256,England,Premier League,21-04-2023,Fulham,2,1,Leeds
257,England,Premier League,29-04-2023,Fulham,1,2,Man City
258,England,Premier League,07-05-2023,Fulham,5,3,Leicester
259,England,Premier League,12-08-2022,Wolves,0,0,Fulham
260,England,Premier League,02-09-2022,Tottenham,2,1,Fulham
261,England,Premier League,15-09-2022,Nott'm Forest,2,3,Fulham
262,England,Premier League,08-10-2022,West Ham,3,1,Fulham
263,England,Premier League,22-10-2022,Leeds,2,3,Fulham
264,England,Premier League,04-11-2022,Man City,2,1,Fulham
265,England,Premier League,02-01-2023,Leicester,0,1,Fulham
266,England,Premier League,14-01-2023,Newcastle,1,0,Fulham
267,England,Premier League,02-05-2023,Liverpool,1,0,Fulham
268,England,Premier League,12-05-2023,Southampton,0,2,Fulham
269,England,Premier League,27-05-2023,Man United,2,1,Fulham
270,England,Premier League,05-08-2022,Leeds,2,1,Wolves
271,England,Premier League,27-12-2022,Leeds,1,3,Man City
272,England,Premier League,03-01-2023,Leeds,2,2,West Ham
273,England,Premier League,11-02-2023,Leeds,0,2,Man United
274,England,Premier League,24-02-2023,Leeds,1,0,Southampton
275,England,Premier League,03-04-2023,Leeds,2,1,Nott'm Forest
276,England,Premier League,16-04-2023,Leeds,1,6,Liverpool
277,England,Premier League,24-04-2023,Leeds,1,1,Leicester
278,England,Premier League,12-05-2023,Leeds,2,2,Newcastle
279,England,Premier League,27-05-2023,Leeds,1,4,Tottenham
280,England,Premier League,12-08-2022,Southampton,2,2,Leeds
281,England,Premier League,19-10-2022,Leicester,2,0,Leeds
282,England,Premier League,28-10-2022,Liverpool,1,2,Leeds
283,England,Premier League,11-11-2022,Tottenham,4,3,Leeds
284,England,Premier League,30-12-2022,Newcastle,0,0,Leeds
285,England,Premier League,04-02-2023,Nott'm Forest,1,0,Leeds
286,England,Premier League,07-02-2023,Man United,2,2,Leeds
287,England,Premier League,17-03-2023,Wolves,2,4,Leeds
288,England,Premier League,05-05-2023,Man City,2,1,Leeds
289,England,Premier League,20-05-2023,West Ham,3,1,Leeds
290,England,Premier League,19-08-2022,Leicester,1,2,Southampton
291,England,Premier League,31-08-2022,Leicester,0,1,Man United
292,England,Premier League,02-10-2022,Leicester,4,0,Nott'm Forest
293,England,Premier League,28-10-2022,Leicester,0,1,Man City
294,England,Premier League,25-12-2022,Leicester,0,3,Newcastle
295,England,Premier League,10-02-2023,Leicester,4,1,Tottenham
296,England,Premier League,21-04-2023,Leicester,2,1,Wolves
297,England,Premier League,14-05-2023,Leicester,0,3,Liverpool
298,England,Premier League,27-05-2023,Leicester,2,1,West Ham
299,England,Premier League,16-09-2022,Tottenham,6,2,Leicester
300,England,Premier League,22-10-2022,Wolves,0,4,Leicester
301,England,Premier League,11-11-2022,West Ham,0,2,Leicester
302,England,Premier League,29-12-2022,Liverpool,2,1,Leicester
303,England,Premier League,13-01-2023,Nott'm Forest,2,0,Leicester
304,England,Premier League,18-02-2023,Man United,3,0,Leicester
305,England,Premier League,03-03-2023,Southampton,1,0,Leicester
306,England,Premier League,14-04-2023,Man City,3,1,Leicester
307,England,Premier League,21-05-2023,Newcastle,0,0,Leicester
308,England,Premier League,30-08-2022,Liverpool,2,1,Newcastle
309,England,Premier League,15-10-2022,Liverpool,1,0,Man City
310,England,Premier League,18-10-2022,Liverpool,1,0,West Ham
311,England,Premier League,11-11-2022,Liverpool,3,1,Southampton
312,England,Premier League,28-02-2023,Liverpool,2,0,Wolves
313,England,Premier League,04-03-2023,Liverpool,7,0,Man United
314,England,Premier League,21-04-2023,Liverpool,3,2,Nott'm Forest
315,England,Premier League,29-04-2023,Liverpool,4,3,Tottenham
316,England,Premier League,21-08-2022,Man United,2,1,Liverpool
317,England,Premier League,21-10-2022,Nott'm Forest,1,0,Liverpool
318,England,Premier League,05-11-2022,Tottenham,1,2,Liverpool
319,England,Premier League,03-02-2023,Wolves,3,0,Liverpool
320,England,Premier League,17-02-2023,Newcastle,0,2,Liverpool
321,England,Premier League,31-03-2023,Man City,4,1,Liverpool
322,England,Premier League,25-04-2023,West Ham,1,2,Liverpool
323,England,Premier League,27-05-2023,Southampton,4,4,Liverpool
324,England,Premier League,30-08-2022,Man City,6,0,Nott'm Forest
325,England,Premier League,01-10-2022,Man City,6,3,Man United
326,England,Premier League,07-10-2022,Man City,4,0,Southampton
327,England,Premier League,18-01-2023,Man City,4,2,Tottenham
328,England,Premier League,21-01-2023,Man City,3,0,Wolves
329,England,Premier League,03-03-2023,Man City,2,0,Newcastle
330,England,Premier League,02-05-2023,Man City,3,0,West Ham
331,England,Premier League,06-08-2022,West Ham,0,2,Man City
332,England,Premier League,20-08-2022,Newcastle,3,3,Man City
333,England,Premier League,16-09-2022,Wolves,0,3,Man City
334,England,Premier League,13-01-2023,Man United,2,1,Man City
335,England,Premier League,04-02-2023,Tottenham,1,0,Man City
336,England,Premier League,17-02-2023,Nott'm Forest,1,1,Man City
337,England,Premier League,07-04-2023,Southampton,1,4,Man City
338,England,Premier League,15-10-2022,Man United,0,0,Newcastle
339,England,Premier League,18-10-2022,Man United,2,0,Tottenham
340,England,Premier League,29-10-2022,Man United,1,0,West Ham
341,England,Premier League,26-12-2022,Man United,3,0,Nott'm Forest
342,England,Premier League,11-03-2023,Man United,0,0,Southampton
343,England,Premier League,12-05-2023,Man United,2,0,Wolves
344,England,Premier League,26-08-2022,Southampton,0,1,Man United
345,England,Premier League,30-12-2022,Wolves,0,1,Man United
346,England,Premier League,01-04-2023,Newcastle,2,0,Man United
347,England,Premier League,15-04-2023,Nott'm Forest,0,2,Man United
348,England,Premier League,26-04-2023,Tottenham,2,2,Man United
349,England,Premier League,06-05-2023,West Ham,1,0,Man United
350,England,Premier League,05-08-2022,Newcastle,2,0,Nott'm Forest
351,England,Premier League,03-02-2023,Newcastle,1,1,West Ham
352,England,Premier League,11-03-2023,Newcastle,2,1,Wolves
353,England,Premier League,22-04-2023,Newcastle,6,1,Tottenham
354,England,Premier League,29-04-2023,Newcastle,3,1,Southampton
355,England,Premier League,27-08-2022,Wolves,1,1,Newcastle
356,England,Premier League,22-10-2022,Tottenham,1,2,Newcastle
357,England,Premier League,05-11-2022,Southampton,1,4,Newcastle
358,England,Premier League,16-03-2023,Nott'm Forest,1,2,Newcastle
359,England,Premier League,04-04-2023,West Ham,1,5,Newcastle
360,England,Premier League,13-08-2022,Nott'm Forest,1,0,West Ham
361,England,Premier League,27-08-2022,Nott'm Forest,0,2,Tottenham
362,England,Premier League,31-03-2023,Nott'm Forest,1,1,Wolves
363,England,Premier League,07-05-2023,Nott'm Forest,4,3,Southampton
364,England,Premier League,14-10-2022,Wolves,1,0,Nott'm Forest
365,England,Premier League,03-01-2023,Southampton,0,1,Nott'm Forest
366,England,Premier League,24-02-2023,West Ham,4,0,Nott'm Forest
367,England,Premier League,10-03-2023,Tottenham,3,1,Nott'm Forest
368,England,Premier League,15-10-2022,Southampton,1,1,West Ham
369,England,Premier League,10-02-2023,Southampton,1,2,Wolves
370,England,Premier League,17-03-2023,Southampton,3,3,Tottenham
371,England,Premier League,05-08-2022,Tottenham,4,1,Southampton
372,England,Premier League,02-09-2022,Wolves,1,0,Southampton
373,England,Premier League,01-04-2023,West Ham,1,0,Southampton
374,England,Premier League,19-08-2022,Tottenham,1,0,Wolves
375,England,Premier League,18-02-2023,Tottenham,2,0,West Ham
376,England,Premier League,30-08-2022,West Ham,1,1,Tottenham
377,England,Premier League,03-03-2023,Wolves,1,0,Tottenham
378,England,Premier League,30-09-2022,West Ham,2,0,Wolves
379,England,Premier League,13-01-2023,Wolves,1,0,West Ham
380,Spain,La Liga,13-08-2022,Almeria,1,2,Real Madrid
381,Spain,La Liga,26-08-2022,Almeria,2,1,Sevilla
382,Spain,La Liga,11-09-2022,Almeria,0,1,Osasuna
383,Spain,La Liga,07-10-2022,Almeria,3,1,Vallecano
384,Spain,La Liga,19-10-2022,Almeria,3,2,Girona
385,Spain,La Liga,28-10-2022,Almeria,3,1,Celta
386,Spain,La Liga,08-11-2022,Almeria,1,0,Getafe
387,Spain,La Liga,07-01-2023,Almeria,0,2,Sociedad
388,Spain,La Liga,14-01-2023,Almeria,1,1,Ath Madrid
389,Spain,La Liga,26-01-2023,Almeria,3,1,Espanol
390,Spain,La Liga,10-02-2023,Almeria,2,3,Betis
391,Spain,La Liga,25-02-2023,Almeria,1,0,Barcelona
392,Spain,La Liga,03-03-2023,Almeria,0,2,Villarreal
393,Spain,La Liga,17-03-2023,Almeria,1,1,Cadiz
394,Spain,La Liga,08-04-2023,Almeria,2,1,Valencia
395,Spain,La Liga,21-04-2023,Almeria,1,2,Ath Bilbao
396,Spain,La Liga,01-05-2023,Almeria,2,1,Elche
397,Spain,La Liga,19-05-2023,Almeria,3,0,Mallorca
398,Spain,La Liga,27-05-2023,Almeria,0,0,Valladolid
399,Spain,La Liga,21-08-2022,Elche,1,1,Almeria
400,Spain,La Liga,04-09-2022,Valladolid,1,0,Almeria
401,Spain,La Liga,16-09-2022,Mallorca,1,0,Almeria
402,Spain,La Liga,29-09-2022,Ath Bilbao,4,0,Almeria
403,Spain,La Liga,15-10-2022,Betis,3,1,Almeria
404,Spain,La Liga,22-10-2022,Villarreal,2,1,Almeria
405,Spain,La Liga,04-11-2022,Barcelona,2,0,Almeria
406,Spain,La Liga,29-12-2022,Cadiz,1,1,Almeria
407,Spain,La Liga,22-01-2023,Valencia,2,2,Almeria
408,Spain,La Liga,05-02-2023,Vallecano,2,0,Almeria
409,Spain,La Liga,16-02-2023,Girona,6,2,Almeria
410,Spain,La Liga,11-03-2023,Sevilla,2,1,Almeria
411,Spain,La Liga,01-04-2023,Celta,2,2,Almeria
412,Spain,La Liga,15-04-2023,Ath Madrid,2,1,Almeria
413,Spain,La Liga,25-04-2023,Getafe,1,2,Almeria
414,Spain,La Liga,28-04-2023,Real Madrid,4,2,Almeria
415,Spain,La Liga,12-05-2023,Osasuna,3,1,Almeria
416,Spain,La Liga,22-05-2023,Sociedad,1,0,Almeria
417,Spain,La Liga,03-06-2023,Espanol,3,3,Almeria
418,Spain,La Liga,14-08-2022,Ath Bilbao,0,0,Mallorca
419,Spain,La Liga,20-08-2022,Ath Bilbao,1,0,Valencia
420,Spain,La Liga,03-09-2022,Ath Bilbao,0,1,Espanol
421,Spain,La Liga,16-09-2022,Ath Bilbao,3,2,Vallecano
422,Spain,La Liga,14-10-2022,Ath Bilbao,0,1,Ath Madrid
423,Spain,La Liga,29-10-2022,Ath Bilbao,1,0,Villarreal
424,Spain,La Liga,07-11-2022,Ath Bilbao,3,0,Valladolid
425,Spain,La Liga,08-01-2023,Ath Bilbao,0,0,Osasuna
426,Spain,La Liga,21-01-2023,Ath Bilbao,0,2,Real Madrid
427,Spain,La Liga,02-02-2023,Ath Bilbao,4,1,Cadiz
428,Spain,La Liga,25-02-2023,Ath Bilbao,2,3,Girona
429,Spain,La Liga,11-03-2023,Ath Bilbao,0,1,Barcelona
430,Spain,La Liga,31-03-2023,Ath Bilbao,0,0,Getafe
431,Spain,La Liga,14-04-2023,Ath Bilbao,2,0,Sociedad
432,Spain,La Liga,26-04-2023,Ath Bilbao,0,1,Sevilla
433,Spain,La Liga,03-05-2023,Ath Bilbao,0,1,Betis
434,Spain,La Liga,19-05-2023,Ath Bilbao,2,1,Celta
435,Spain,La Liga,27-05-2023,Ath Bilbao,0,1,Elche
436,Spain,La Liga,28-08-2022,Cadiz,0,4,Ath Bilbao
437,Spain,La Liga,10-09-2022,Elche,1,4,Ath Bilbao
438,Spain,La Liga,07-10-2022,Sevilla,1,1,Ath Bilbao
439,Spain,La Liga,17-10-2022,Getafe,2,2,Ath Bilbao
440,Spain,La Liga,22-10-2022,Barcelona,4,0,Ath Bilbao
441,Spain,La Liga,03-11-2022,Girona,2,1,Ath Bilbao
442,Spain,La Liga,28-12-2022,Betis,0,0,Ath Bilbao
443,Spain,La Liga,13-01-2023,Sociedad,3,1,Ath Bilbao
444,Spain,La Liga,28-01-2023,Celta,1,0,Ath Bilbao
445,Spain,La Liga,10-02-2023,Valencia,1,2,Ath Bilbao
446,Spain,La Liga,18-02-2023,Ath Madrid,1,0,Ath Bilbao
447,Spain,La Liga,04-03-2023,Vallecano,0,0,Ath Bilbao
448,Spain,La Liga,16-03-2023,Valladolid,1,3,Ath Bilbao
449,Spain,La Liga,07-04-2023,Espanol,1,2,Ath Bilbao
450,Spain,La Liga,30-04-2023,Mallorca,1,1,Ath Bilbao
451,Spain,La Liga,12-05-2023,Villarreal,5,1,Ath Bilbao
452,Spain,La Liga,24-05-2023,Osasuna,2,0,Ath Bilbao
453,Spain,La Liga,03-06-2023,Real Madrid,1,1,Ath Bilbao
454,Spain,La Liga,20-08-2022,Ath Madrid,0,2,Villarreal
455,Spain,La Liga,09-09-2022,Ath Madrid,4,1,Celta
456,Spain,La Liga,17-09-2022,Ath Madrid,1,2,Real Madrid
457,Spain,La Liga,07-10-2022,Ath Madrid,2,1,Girona
458,Spain,La Liga,17-10-2022,Ath Madrid,1,1,Vallecano
459,Spain,La Liga,05-11-2022,Ath Madrid,1,1,Espanol
460,Spain,La Liga,28-12-2022,Ath Madrid,2,0,Elche
461,Spain,La Liga,07-01-2023,Ath Madrid,0,1,Barcelona
462,Spain,La Liga,20-01-2023,Ath Madrid,3,0,Valladolid
463,Spain,La Liga,03-02-2023,Ath Madrid,1,1,Getafe
464,Spain,La Liga,03-03-2023,Ath Madrid,6,1,Sevilla
465,Spain,La Liga,17-03-2023,Ath Madrid,3,0,Valencia
466,Spain,La Liga,01-04-2023,Ath Madrid,1,0,Betis
467,Spain,La Liga,25-04-2023,Ath Madrid,3,1,Mallorca
468,Spain,La Liga,02-05-2023,Ath Madrid,5,1,Cadiz
469,Spain,La Liga,20-05-2023,Ath Madrid,3,0,Osasuna
470,Spain,La Liga,27-05-2023,Ath Madrid,2,1,Sociedad
471,Spain,La Liga,14-08-2022,Getafe,0,3,Ath Madrid
472,Spain,La Liga,28-08-2022,Valencia,0,1,Ath Madrid
473,Spain,La Liga,02-09-2022,Sociedad,1,1,Ath Madrid
474,Spain,La Liga,30-09-2022,Sevilla,0,2,Ath Madrid
475,Spain,La Liga,22-10-2022,Betis,1,2,Ath Madrid
476,Spain,La Liga,28-10-2022,Cadiz,3,2,Ath Madrid
477,Spain,La Liga,08-11-2022,Mallorca,1,0,Ath Madrid
478,Spain,La Liga,28-01-2023,Osasuna,0,1,Ath Madrid
479,Spain,La Liga,11-02-2023,Celta,0,1,Ath Madrid
480,Spain,La Liga,24-02-2023,Real Madrid,1,1,Ath Madrid
481,Spain,La Liga,12-03-2023,Girona,0,1,Ath Madrid
482,Spain,La Liga,08-04-2023,Vallecano,1,2,Ath Madrid
483,Spain,La Liga,22-04-2023,Barcelona,1,0,Ath Madrid
484,Spain,La Liga,29-04-2023,Valladolid,2,5,Ath Madrid
485,Spain,La Liga,13-05-2023,Elche,1,0,Ath Madrid
486,Spain,La Liga,23-05-2023,Espanol,3,3,Ath Madrid
487,Spain,La Liga,03-06-2023,Villarreal,2,2,Ath Madrid
488,Spain,La Liga,12-08-2022,Barcelona,0,0,Vallecano
489,Spain,La Liga,27-08-2022,Barcelona,4,0,Valladolid
490,Spain,La Liga,16-09-2022,Barcelona,3,0,Elche
491,Spain,La Liga,08-10-2022,Barcelona,1,0,Celta
492,Spain,La Liga,19-10-2022,Barcelona,3,0,Villarreal
493,Spain,La Liga,30-12-2022,Barcelona,1,1,Espanol
494,Spain,La Liga,21-01-2023,Barcelona,1,0,Getafe
495,Spain,La Liga,04-02-2023,Barcelona,3,0,Sevilla
496,Spain,La Liga,18-02-2023,Barcelona,2,0,Cadiz
497,Spain,La Liga,04-03-2023,Barcelona,1,0,Valencia
498,Spain,La Liga,18-03-2023,Barcelona,2,1,Real Madrid
499,Spain,La Liga,09-04-2023,Barcelona,0,0,Girona
500,Spain,La Liga,28-04-2023,Barcelona,4,0,Betis
501,Spain,La Liga,01-05-2023,Barcelona,1,0,Osasuna
502,Spain,La Liga,19-05-2023,Barcelona,1,2,Sociedad
503,Spain,La Liga,27-05-2023,Barcelona,3,0,Mallorca
504,Spain,La Liga,20-08-2022,Sociedad,1,4,Barcelona
505,Spain,La Liga,02-09-2022,Sevilla,0,3,Barcelona
506,Spain,La Liga,09-09-2022,Cadiz,0,4,Barcelona
507,Spain,La Liga,30-09-2022,Mallorca,0,1,Barcelona
508,Spain,La Liga,15-10-2022,Real Madrid,3,1,Barcelona
509,Spain,La Liga,28-10-2022,Valencia,0,1,Barcelona
510,Spain,La Liga,07-11-2022,Osasuna,1,2,Barcelona
511,Spain,La Liga,27-01-2023,Girona,0,1,Barcelona
512,Spain,La Liga,31-01-2023,Betis,1,2,Barcelona
513,Spain,La Liga,11-02-2023,Villarreal,0,1,Barcelona
514,Spain,La Liga,31-03-2023,Elche,0,4,Barcelona
515,Spain,La Liga,15-04-2023,Getafe,0,0,Barcelona
516,Spain,La Liga,25-04-2023,Vallecano,2,1,Barcelona
517,Spain,La Liga,13-05-2023,Espanol,2,4,Barcelona
518,Spain,La Liga,22-05-2023,Valladolid,3,1,Barcelona
519,Spain,La Liga,03-06-2023,Celta,2,1,Barcelona
520,Spain,La Liga,14-08-2022,Betis,3,0,Elche
521,Spain,La Liga,25-08-2022,Betis,1,0,Osasuna
522,Spain,La Liga,10-09-2022,Betis,1,0,Villarreal
523,Spain,La Liga,17-09-2022,Betis,2,1,Girona
524,Spain,La Liga,05-11-2022,Betis,1,1,Sevilla
525,Spain,La Liga,03-02-2023,Betis,3,4,Celta
526,Spain,La Liga,17-02-2023,Betis,2,1,Valladolid
527,Spain,La Liga,04-03-2023,Betis,0,0,Real Madrid
528,Spain,La Liga,18-03-2023,Betis,1,0,Mallorca
529,Spain,La Liga,08-04-2023,Betis,0,2,Cadiz
530,Spain,La Liga,14-04-2023,Betis,3,1,Espanol
531,Spain,La Liga,24-04-2023,Betis,0,0,Sociedad
532,Spain,La Liga,14-05-2023,Betis,3,1,Vallecano
533,Spain,La Liga,23-05-2023,Betis,0,1,Getafe
534,Spain,La Liga,03-06-2023,Betis,1,1,Valencia
535,Spain,La Liga,19-08-2022,Mallorca,1,2,Betis
536,Spain,La Liga,02-09-2022,Real Madrid,2,1,Betis
537,Spain,La Liga,01-10-2022,Celta,1,0,Betis
538,Spain,La Liga,08-10-2022,Valladolid,0,0,Betis
539,Spain,La Liga,18-10-2022,Cadiz,0,0,Betis
540,Spain,La Liga,29-10-2022,Sociedad,0,2,Betis
541,Spain,La Liga,09-11-2022,Valencia,3,0,Betis
542,Spain,La Liga,07-01-2023,Vallecano,1,2,Betis
543,Spain,La Liga,20-01-2023,Espanol,1,0,Betis
544,Spain,La Liga,27-01-2023,Getafe,0,1,Betis
545,Spain,La Liga,23-02-2023,Elche,2,3,Betis
546,Spain,La Liga,11-03-2023,Villarreal,1,1,Betis
547,Spain,La Liga,21-04-2023,Osasuna,3,2,Betis
548,Spain,La Liga,20-05-2023,Sevilla,0,0,Betis
549,Spain,La Liga,27-05-2023,Girona,1,2,Betis
550,Spain,La Liga,13-08-2022,Cadiz,0,1,Sociedad
551,Spain,La Liga,30-09-2022,Cadiz,0,0,Villarreal
552,Spain,La Liga,08-10-2022,Cadiz,2,2,Espanol
553,Spain,La Liga,15-01-2023,Cadiz,1,1,Elche
554,Spain,La Liga,27-01-2023,Cadiz,2,0,Mallorca
555,Spain,La Liga,09-02-2023,Cadiz,2,0,Girona
556,Spain,La Liga,24-02-2023,Cadiz,1,0,Vallecano
557,Spain,La Liga,09-03-2023,Cadiz,2,2,Getafe
558,Spain,La Liga,31-03-2023,Cadiz,0,2,Sevilla
559,Spain,La Liga,14-04-2023,Cadiz,0,2,Real Madrid
560,Spain,La Liga,24-04-2023,Cadiz,0,1,Osasuna
561,Spain,La Liga,29-04-2023,Cadiz,2,1,Valencia
562,Spain,La Liga,18-05-2023,Cadiz,2,0,Valladolid
563,Spain,La Liga,27-05-2023,Cadiz,1,0,Celta
564,Spain,La Liga,19-08-2022,Osasuna,2,0,Cadiz
565,Spain,La Liga,01-09-2022,Celta,3,0,Cadiz
566,Spain,La Liga,15-09-2022,Valladolid,0,1,Cadiz
567,Spain,La Liga,14-10-2022,Girona,1,1,Cadiz
568,Spain,La Liga,21-10-2022,Vallecano,5,1,Cadiz
569,Spain,La Liga,04-11-2022,Getafe,0,0,Cadiz
570,Spain,La Liga,09-11-2022,Real Madrid,2,1,Cadiz
571,Spain,La Liga,05-01-2023,Valencia,0,1,Cadiz
572,Spain,La Liga,20-01-2023,Sevilla,1,0,Cadiz
573,Spain,La Liga,02-03-2023,Sociedad,0,0,Cadiz
574,Spain,La Liga,20-04-2023,Espanol,0,0,Cadiz
575,Spain,La Liga,11-05-2023,Mallorca,1,0,Cadiz
576,Spain,La Liga,23-05-2023,Villarreal,2,0,Cadiz
577,Spain,La Liga,03-06-2023,Elche,1,1,Cadiz
578,Spain,La Liga,12-08-2022,Celta,2,2,Espanol
579,Spain,La Liga,19-08-2022,Celta,1,4,Real Madrid
580,Spain,La Liga,15-10-2022,Celta,1,2,Sociedad
581,Spain,La Liga,23-10-2022,Celta,1,1,Getafe
582,Spain,La Liga,04-11-2022,Celta,1,2,Osasuna
583,Spain,La Liga,29-12-2022,Celta,1,1,Sevilla
584,Spain,La Liga,12-01-2023,Celta,1,1,Villarreal
585,Spain,La Liga,25-02-2023,Celta,3,0,Valladolid
586,Spain,La Liga,10-03-2023,Celta,3,0,Vallecano
587,Spain,La Liga,16-04-2023,Celta,0,1,Mallorca
588,Spain,La Liga,25-04-2023,Celta,1,0,Elche
589,Spain,La Liga,13-05-2023,Celta,1,2,Valencia
590,Spain,La Liga,22-05-2023,Celta,1,1,Girona
591,Spain,La Liga,25-08-2022,Girona,0,1,Celta
592,Spain,La Liga,16-09-2022,Valencia,3,0,Celta
593,Spain,La Liga,18-10-2022,Valladolid,4,1,Celta
594,Spain,La Liga,09-11-2022,Vallecano,0,0,Celta
595,Spain,La Liga,05-01-2023,Elche,0,1,Celta
596,Spain,La Liga,19-01-2023,Mallorca,1,0,Celta
597,Spain,La Liga,17-02-2023,Sociedad,1,1,Celta
598,Spain,La Liga,05-03-2023,Osasuna,0,0,Celta
599,Spain,La Liga,17-03-2023,Espanol,1,3,Celta
600,Spain,La Liga,06-04-2023,Sevilla,2,2,Celta
601,Spain,La Liga,21-04-2023,Real Madrid,2,0,Celta
602,Spain,La Liga,29-04-2023,Villarreal,3,1,Celta
603,Spain,La Liga,02-05-2023,Getafe,1,0,Celta
604,Spain,La Liga,26-08-2022,Elche,0,1,Sociedad
605,Spain,La Liga,09-10-2022,Elche,1,1,Mallorca
606,Spain,La Liga,18-10-2022,Elche,0,3,Real Madrid
607,Spain,La Liga,30-10-2022,Elche,0,1,Getafe
608,Spain,La Liga,07-11-2022,Elche,1,2,Girona
609,Spain,La Liga,21-01-2023,Elche,1,1,Osasuna
610,Spain,La Liga,03-02-2023,Elche,3,1,Villarreal
611,Spain,La Liga,18-02-2023,Elche,0,1,Espanol
612,Spain,La Liga,10-03-2023,Elche,1,1,Valladolid
613,Spain,La Liga,22-04-2023,Elche,0,2,Valencia
614,Spain,La Liga,28-04-2023,Elche,4,0,Vallecano
615,Spain,La Liga,23-05-2023,Elche,1,1,Sevilla
616,Spain,La Liga,03-09-2022,Villarreal,4,0,Elche
617,Spain,La Liga,02-10-2022,Vallecano,2,1,Elche
618,Spain,La Liga,14-10-2022,Valencia,2,2,Elche
619,Spain,La Liga,22-10-2022,Espanol,2,2,Elche
620,Spain,La Liga,04-11-2022,Valladolid,2,1,Elche
621,Spain,La Liga,27-01-2023,Sevilla,3,0,Elche
622,Spain,La Liga,14-02-2023,Real Madrid,4,0,Elche
623,Spain,La Liga,03-03-2023,Mallorca,0,1,Elche
624,Spain,La Liga,18-03-2023,Sociedad,2,0,Elche
625,Spain,La Liga,07-04-2023,Osasuna,2,1,Elche
626,Spain,La Liga,15-04-2023,Girona,2,0,Elche
627,Spain,La Liga,19-05-2023,Getafe,1,1,Elche
628,Spain,La Liga,18-08-2022,Espanol,0,2,Vallecano
629,Spain,La Liga,27-08-2022,Espanol,1,3,Real Madrid
630,Spain,La Liga,09-09-2022,Espanol,2,3,Sevilla
631,Spain,La Liga,01-10-2022,Espanol,2,2,Valencia
632,Spain,La Liga,15-10-2022,Espanol,1,0,Valladolid
633,Spain,La Liga,08-11-2022,Espanol,0,1,Villarreal
634,Spain,La Liga,06-01-2023,Espanol,2,2,Girona
635,Spain,La Liga,03-02-2023,Espanol,1,1,Osasuna
636,Spain,La Liga,12-02-2023,Espanol,2,3,Sociedad
637,Spain,La Liga,24-02-2023,Espanol,2,1,Mallorca
638,Spain,La Liga,29-04-2023,Espanol,1,0,Getafe
639,Spain,La Liga,17-09-2022,Sociedad,2,1,Espanol
640,Spain,La Liga,19-10-2022,Osasuna,1,0,Espanol
641,Spain,La Liga,27-10-2022,Mallorca,1,1,Espanol
642,Spain,La Liga,14-01-2023,Getafe,1,2,Espanol
643,Spain,La Liga,04-03-2023,Valladolid,2,1,Espanol
644,Spain,La Liga,10-03-2023,Real Madrid,3,1,Espanol
645,Spain,La Liga,31-03-2023,Girona,2,1,Espanol
646,Spain,La Liga,26-04-2023,Villarreal,4,2,Espanol
647,Spain,La Liga,03-05-2023,Sevilla,3,2,Espanol
648,Spain,La Liga,20-05-2023,Vallecano,1,2,Espanol
649,Spain,La Liga,27-05-2023,Valencia,2,2,Espanol
650,Spain,La Liga,27-08-2022,Getafe,0,0,Villarreal
651,Spain,La Liga,10-09-2022,Getafe,2,1,Sociedad
652,Spain,La Liga,30-09-2022,Getafe,2,3,Valladolid
653,Spain,La Liga,07-10-2022,Getafe,0,1,Real Madrid
654,Spain,La Liga,29-12-2022,Getafe,2,0,Mallorca
655,Spain,La Liga,11-02-2023,Getafe,1,1,Vallecano
656,Spain,La Liga,19-02-2023,Getafe,1,0,Valencia
657,Spain,La Liga,03-03-2023,Getafe,3,2,Girona
658,Spain,La Liga,18-03-2023,Getafe,2,0,Sevilla
659,Spain,La Liga,27-05-2023,Getafe,2,1,Osasuna
660,Spain,La Liga,21-08-2022,Girona,3,1,Getafe
661,Spain,La Liga,03-09-2022,Valencia,5,1,Getafe
662,Spain,La Liga,17-09-2022,Osasuna,0,2,Getafe
663,Spain,La Liga,13-10-2022,Vallecano,0,0,Getafe
664,Spain,La Liga,07-01-2023,Sevilla,2,1,Getafe
665,Spain,La Liga,26-02-2023,Villarreal,2,1,Getafe
666,Spain,La Liga,07-04-2023,Sociedad,2,0,Getafe
667,Spain,La Liga,22-04-2023,Mallorca,3,1,Getafe
668,Spain,La Liga,12-05-2023,Real Madrid,1,0,Getafe
669,Spain,La Liga,03-06-2023,Valladolid,0,0,Getafe
670,Spain,La Liga,08-09-2022,Girona,2,1,Valladolid
671,Spain,La Liga,01-10-2022,Girona,3,5,Sociedad
672,Spain,La Liga,22-10-2022,Girona,1,1,Osasuna
673,Spain,La Liga,28-12-2022,Girona,2,2,Vallecano
674,Spain,La Liga,13-01-2023,Girona,2,1,Sevilla
675,Spain,La Liga,04-02-2023,Girona,1,0,Valencia
676,Spain,La Liga,24-04-2023,Girona,4,2,Real Madrid
677,Spain,La Liga,03-05-2023,Girona,2,1,Mallorca
678,Spain,La Liga,19-05-2023,Girona,1,2,Villarreal
679,Spain,La Liga,13-08-2022,Valencia,1,0,Girona
680,Spain,La Liga,02-09-2022,Mallorca,1,1,Girona
681,Spain,La Liga,29-10-2022,Real Madrid,1,1,Girona
682,Spain,La Liga,21-01-2023,Villarreal,1,0,Girona
683,Spain,La Liga,17-03-2023,Vallecano,2,2,Girona
684,Spain,La Liga,21-04-2023,Valladolid,1,0,Girona
685,Spain,La Liga,30-04-2023,Sevilla,0,2,Girona
686,Spain,La Liga,12-05-2023,Sociedad,2,2,Girona
687,Spain,La Liga,03-06-2023,Osasuna,2,1,Girona
688,Spain,La Liga,14-10-2022,Mallorca,0,1,Sevilla
689,Spain,La Liga,06-01-2023,Mallorca,1,0,Valladolid
690,Spain,La Liga,04-02-2023,Mallorca,1,0,Real Madrid
691,Spain,La Liga,17-02-2023,Mallorca,4,2,Villarreal
692,Spain,La Liga,11-03-2023,Mallorca,1,1,Sociedad
693,Spain,La Liga,30-03-2023,Mallorca,0,0,Osasuna
694,Spain,La Liga,24-05-2023,Mallorca,1,0,Valencia
695,Spain,La Liga,03-06-2023,Mallorca,3,0,Vallecano
696,Spain,La Liga,26-08-2022,Vallecano,0,2,Mallorca
697,Spain,La Liga,10-09-2022,Real Madrid,4,1,Mallorca
698,Spain,La Liga,18-10-2022,Sociedad,1,0,Mallorca
699,Spain,La Liga,21-10-2022,Valencia,1,2,Mallorca
700,Spain,La Liga,05-11-2022,Villarreal,0,2,Mallorca
701,Spain,La Liga,13-01-2023,Osasuna,1,0,Mallorca
702,Spain,La Liga,10-02-2023,Sevilla,2,0,Mallorca
703,Spain,La Liga,08-04-2023,Valladolid,3,3,Mallorca
704,Spain,La Liga,11-08-2022,Osasuna,2,1,Sevilla
705,Spain,La Liga,03-09-2022,Osasuna,2,1,Vallecano
706,Spain,La Liga,06-10-2022,Osasuna,1,2,Valencia
707,Spain,La Liga,29-10-2022,Osasuna,2,0,Valladolid
708,Spain,La Liga,17-02-2023,Osasuna,0,2,Real Madrid
709,Spain,La Liga,18-03-2023,Osasuna,0,3,Villarreal
710,Spain,La Liga,27-04-2023,Osasuna,0,2,Sociedad
711,Spain,La Liga,01-10-2022,Real Madrid,1,1,Osasuna
712,Spain,La Liga,16-10-2022,Villarreal,2,0,Osasuna
713,Spain,La Liga,30-12-2022,Sociedad,2,0,Osasuna
714,Spain,La Liga,11-02-2023,Valladolid,0,0,Osasuna
715,Spain,La Liga,25-02-2023,Sevilla,2,3,Osasuna
716,Spain,La Liga,10-03-2023,Valencia,1,0,Osasuna
717,Spain,La Liga,13-04-2023,Vallecano,2,1,Osasuna
718,Spain,La Liga,21-10-2022,Real Madrid,3,1,Sevilla
719,Spain,La Liga,28-01-2023,Real Madrid,0,0,Sociedad
720,Spain,La Liga,01-02-2023,Real Madrid,2,0,Valencia
721,Spain,La Liga,01-04-2023,Real Madrid,6,0,Valladolid
722,Spain,La Liga,07-04-2023,Real Madrid,2,3,Villarreal
723,Spain,La Liga,23-05-2023,Real Madrid,2,1,Vallecano
724,Spain,La Liga,06-11-2022,Vallecano,3,2,Real Madrid
725,Spain,La Liga,29-12-2022,Valladolid,0,2,Real Madrid
726,Spain,La Liga,06-01-2023,Villarreal,2,1,Real Madrid
727,Spain,La Liga,01-05-2023,Sociedad,2,0,Real Madrid
728,Spain,La Liga,20-05-2023,Valencia,1,0,Real Madrid
729,Spain,La Liga,26-05-2023,Sevilla,1,2,Real Madrid
730,Spain,La Liga,18-08-2022,Sevilla,1,1,Valladolid
731,Spain,La Liga,17-10-2022,Sevilla,1,1,Valencia
732,Spain,La Liga,28-10-2022,Sevilla,0,1,Vallecano
733,Spain,La Liga,08-11-2022,Sevilla,1,2,Sociedad
734,Spain,La Liga,22-04-2023,Sevilla,2,1,Villarreal
735,Spain,La Liga,17-09-2022,Villarreal,1,1,Sevilla
736,Spain,La Liga,18-02-2023,Vallecano,1,1,Sevilla
737,Spain,La Liga,15-04-2023,Valencia,0,2,Sevilla
738,Spain,La Liga,13-05-2023,Valladolid,0,3,Sevilla
739,Spain,La Liga,03-06-2023,Sociedad,2,1,Sevilla
740,Spain,La Liga,08-10-2022,Sociedad,1,0,Villarreal
741,Spain,La Liga,05-11-2022,Sociedad,1,1,Valencia
742,Spain,La Liga,04-02-2023,Sociedad,0,1,Valladolid
743,Spain,La Liga,21-04-2023,Sociedad,2,1,Vallecano
744,Spain,La Liga,21-10-2022,Valladolid,1,0,Sociedad
745,Spain,La Liga,20-01-2023,Vallecano,0,2,Sociedad
746,Spain,La Liga,24-02-2023,Valencia,1,0,Sociedad
747,Spain,La Liga,01-04-2023,Villarreal,2,0,Sociedad
748,Spain,La Liga,02-04-2023,Valencia,1,1,Vallecano
749,Spain,La Liga,26-04-2023,Valencia,2,1,Valladolid
750,Spain,La Liga,02-05-2023,Valencia,1,1,Villarreal
751,Spain,La Liga,09-09-2022,Vallecano,2,1,Valencia
752,Spain,La Liga,30-12-2022,Villarreal,2,1,Valencia
753,Spain,La Liga,28-01-2023,Valladolid,1,0,Valencia
754,Spain,La Liga,12-08-2022,Valladolid,0,3,Villarreal
755,Spain,La Liga,13-01-2023,Valladolid,0,1,Vallecano
756,Spain,La Liga,14-04-2023,Villarreal,1,2,Valladolid
757,Spain,La Liga,03-05-2023,Vallecano,2,1,Valladolid
758,Spain,La Liga,27-05-2023,Vallecano,2,1,Villarreal
759,Spain,La Liga,29-01-2023,Villarreal,0,1,Vallecano
760,Germany,Bundesliga,05-08-2022,Augsburg,0,4,Freiburg
761,Germany,Bundesliga,19-08-2022,Augsburg,1,2,Mainz
762,Germany,Bundesliga,03-09-2022,Augsburg,0,2,Hertha
763,Germany,Bundesliga,16-09-2022,Augsburg,1,0,Bayern Munich
764,Germany,Bundesliga,07-10-2022,Augsburg,1,1,Wolfsburg
765,Germany,Bundesliga,21-10-2022,Augsburg,3,3,RB Leipzig
766,Germany,Bundesliga,04-11-2022,Augsburg,1,2,Ein Frankfurt
767,Germany,Bundesliga,11-11-2022,Augsburg,0,1,Bochum
768,Germany,Bundesliga,24-01-2023,Augsburg,1,0,M''gladbach
769,Germany,Bundesliga,02-02-2023,Augsburg,1,0,Leverkusen
770,Germany,Bundesliga,16-02-2023,Augsburg,1,0,Hoffenheim
771,Germany,Bundesliga,03-03-2023,Augsburg,2,1,Werder Bremen
772,Germany,Bundesliga,17-03-2023,Augsburg,1,1,Schalke 04
773,Germany,Bundesliga,07-04-2023,Augsburg,1,3,FC Koln
774,Germany,Bundesliga,20-04-2023,Augsburg,1,1,Stuttgart
775,Germany,Bundesliga,05-05-2023,Augsburg,1,0,Union Berlin
776,Germany,Bundesliga,20-05-2023,Augsburg,0,3,Dortmund
777,Germany,Bundesliga,12-08-2022,Leverkusen,1,2,Augsburg
778,Germany,Bundesliga,26-08-2022,Hoffenheim,1,0,Augsburg
779,Germany,Bundesliga,08-09-2022,Werder Bremen,0,1,Augsburg
780,Germany,Bundesliga,01-10-2022,Schalke 04,2,3,Augsburg
781,Germany,Bundesliga,15-10-2022,FC Koln,3,2,Augsburg
782,Germany,Bundesliga,28-10-2022,Stuttgart,2,1,Augsburg
783,Germany,Bundesliga,08-11-2022,Union Berlin,2,2,Augsburg
784,Germany,Bundesliga,21-01-2023,Dortmund,4,3,Augsburg
785,Germany,Bundesliga,27-01-2023,Freiburg,3,1,Augsburg
786,Germany,Bundesliga,10-02-2023,Mainz,3,1,Augsburg
787,Germany,Bundesliga,24-02-2023,Hertha,2,0,Augsburg
788,Germany,Bundesliga,10-03-2023,Bayern Munich,5,3,Augsburg
789,Germany,Bundesliga,31-03-2023,Wolfsburg,2,2,Augsburg
790,Germany,Bundesliga,14-04-2023,RB Leipzig,3,2,Augsburg
791,Germany,Bundesliga,28-04-2023,Ein Frankfurt,1,1,Augsburg
792,Germany,Bundesliga,12-05-2023,Bochum,3,2,Augsburg
793,Germany,Bundesliga,26-05-2023,M''gladbach,2,0,Augsburg
794,Germany,Bundesliga,13-08-2022,Bayern Munich,2,0,Wolfsburg
795,Germany,Bundesliga,26-08-2022,Bayern Munich,1,1,M''gladbach
796,Germany,Bundesliga,09-09-2022,Bayern Munich,2,2,Stuttgart
797,Germany,Bundesliga,29-09-2022,Bayern Munich,4,0,Leverkusen
798,Germany,Bundesliga,15-10-2022,Bayern Munich,5,0,Freiburg
799,Germany,Bundesliga,28-10-2022,Bayern Munich,6,2,Mainz
800,Germany,Bundesliga,07-11-2022,Bayern Munich,6,1,Werder Bremen
801,Germany,Bundesliga,23-01-2023,Bayern Munich,1,1,FC Koln
802,Germany,Bundesliga,27-01-2023,Bayern Munich,1,1,Ein Frankfurt
803,Germany,Bundesliga,10-02-2023,Bayern Munich,3,0,Bochum
804,Germany,Bundesliga,25-02-2023,Bayern Munich,3,0,Union Berlin
805,Germany,Bundesliga,31-03-2023,Bayern Munich,4,2,Dortmund
806,Germany,Bundesliga,14-04-2023,Bayern Munich,1,1,Hoffenheim
807,Germany,Bundesliga,29-04-2023,Bayern Munich,2,0,Hertha
808,Germany,Bundesliga,12-05-2023,Bayern Munich,6,0,Schalke 04
809,Germany,Bundesliga,19-05-2023,Bayern Munich,1,3,RB Leipzig
810,Germany,Bundesliga,04-08-2022,Ein Frankfurt,1,6,Bayern Munich
811,Germany,Bundesliga,20-08-2022,Bochum,0,7,Bayern Munich
812,Germany,Bundesliga,02-09-2022,Union Berlin,1,1,Bayern Munich
813,Germany,Bundesliga,07-10-2022,Dortmund,2,2,Bayern Munich
814,Germany,Bundesliga,21-10-2022,Hoffenheim,0,2,Bayern Munich
815,Germany,Bundesliga,04-11-2022,Hertha,2,3,Bayern Munich
816,Germany,Bundesliga,11-11-2022,Schalke 04,0,2,Bayern Munich
817,Germany,Bundesliga,19-01-2023,RB Leipzig,1,1,Bayern Munich
818,Germany,Bundesliga,04-02-2023,Wolfsburg,2,4,Bayern Munich
819,Germany,Bundesliga,17-02-2023,M''gladbach,3,2,Bayern Munich
820,Germany,Bundesliga,03-03-2023,Stuttgart,1,2,Bayern Munich
821,Germany,Bundesliga,18-03-2023,Leverkusen,2,1,Bayern Munich
822,Germany,Bundesliga,07-04-2023,Freiburg,0,1,Bayern Munich
823,Germany,Bundesliga,21-04-2023,Mainz,3,1,Bayern Munich
824,Germany,Bundesliga,05-05-2023,Werder Bremen,1,2,Bayern Munich
825,Germany,Bundesliga,26-05-2023,FC Koln,1,2,Bayern Munich
826,Germany,Bundesliga,05-08-2022,Bochum,1,2,Mainz
827,Germany,Bundesliga,02-09-2022,Bochum,0,2,Werder Bremen
828,Germany,Bundesliga,17-09-2022,Bochum,1,1,FC Koln
829,Germany,Bundesliga,07-10-2022,Bochum,3,0,Ein Frankfurt
830,Germany,Bundesliga,22-10-2022,Bochum,2,1,Union Berlin
831,Germany,Bundesliga,07-11-2022,Bochum,2,1,M''gladbach
832,Germany,Bundesliga,20-01-2023,Bochum,3,1,Hertha
833,Germany,Bundesliga,03-02-2023,Bochum,5,2,Hoffenheim
834,Germany,Bundesliga,17-02-2023,Bochum,0,2,Freiburg
835,Germany,Bundesliga,03-03-2023,Bochum,0,2,Schalke 04
836,Germany,Bundesliga,17-03-2023,Bochum,1,0,RB Leipzig
837,Germany,Bundesliga,08-04-2023,Bochum,2,3,Stuttgart
838,Germany,Bundesliga,21-04-2023,Bochum,1,5,Wolfsburg
839,Germany,Bundesliga,27-04-2023,Bochum,1,1,Dortmund
840,Germany,Bundesliga,26-05-2023,Bochum,3,0,Leverkusen
841,Germany,Bundesliga,12-08-2022,Hoffenheim,3,2,Bochum
842,Germany,Bundesliga,25-08-2022,Freiburg,1,0,Bochum
843,Germany,Bundesliga,09-09-2022,Schalke 04,3,1,Bochum
844,Germany,Bundesliga,30-09-2022,RB Leipzig,4,0,Bochum
845,Germany,Bundesliga,14-10-2022,Stuttgart,4,1,Bochum
846,Germany,Bundesliga,28-10-2022,Wolfsburg,4,0,Bochum
847,Germany,Bundesliga,04-11-2022,Dortmund,3,0,Bochum
848,Germany,Bundesliga,24-01-2023,Leverkusen,2,0,Bochum
849,Germany,Bundesliga,27-01-2023,Mainz,5,2,Bochum
850,Germany,Bundesliga,24-02-2023,Werder Bremen,3,0,Bochum
851,Germany,Bundesliga,09-03-2023,FC Koln,0,2,Bochum
852,Germany,Bundesliga,30-03-2023,Ein Frankfurt,1,1,Bochum
853,Germany,Bundesliga,15-04-2023,Union Berlin,1,1,Bochum
854,Germany,Bundesliga,05-05-2023,M''gladbach,2,0,Bochum
855,Germany,Bundesliga,19-05-2023,Hertha,1,1,Bochum
856,Germany,Bundesliga,05-08-2022,Dortmund,1,0,Leverkusen
857,Germany,Bundesliga,19-08-2022,Dortmund,2,3,Werder Bremen
858,Germany,Bundesliga,01-09-2022,Dortmund,1,0,Hoffenheim
859,Germany,Bundesliga,16-09-2022,Dortmund,1,0,Schalke 04
860,Germany,Bundesliga,21-10-2022,Dortmund,5,0,Stuttgart
861,Germany,Bundesliga,03-02-2023,Dortmund,5,1,Freiburg
862,Germany,Bundesliga,18-02-2023,Dortmund,4,1,Hertha
863,Germany,Bundesliga,02-03-2023,Dortmund,2,1,RB Leipzig
864,Germany,Bundesliga,17-03-2023,Dortmund,6,1,FC Koln
865,Germany,Bundesliga,07-04-2023,Dortmund,2,1,Union Berlin
866,Germany,Bundesliga,21-04-2023,Dortmund,4,0,Ein Frankfurt
867,Germany,Bundesliga,06-05-2023,Dortmund,6,0,Wolfsburg
868,Germany,Bundesliga,12-05-2023,Dortmund,5,2,M''gladbach
869,Germany,Bundesliga,26-05-2023,Dortmund,2,2,Mainz
870,Germany,Bundesliga,11-08-2022,Freiburg,1,3,Dortmund
871,Germany,Bundesliga,26-08-2022,Hertha,0,1,Dortmund
872,Germany,Bundesliga,09-09-2022,RB Leipzig,3,0,Dortmund
873,Germany,Bundesliga,30-09-2022,FC Koln,3,2,Dortmund
874,Germany,Bundesliga,15-10-2022,Union Berlin,2,0,Dortmund
875,Germany,Bundesliga,28-10-2022,Ein Frankfurt,1,2,Dortmund
876,Germany,Bundesliga,07-11-2022,Wolfsburg,2,0,Dortmund
877,Germany,Bundesliga,10-11-2022,M''gladbach,4,2,Dortmund
878,Germany,Bundesliga,24-01-2023,Mainz,1,2,Dortmund
879,Germany,Bundesliga,28-01-2023,Leverkusen,0,2,Dortmund
880,Germany,Bundesliga,10-02-2023,Werder Bremen,0,2,Dortmund
881,Germany,Bundesliga,24-02-2023,Hoffenheim,0,1,Dortmund
882,Germany,Bundesliga,10-03-2023,Schalke 04,2,2,Dortmund
883,Germany,Bundesliga,14-04-2023,Stuttgart,3,3,Dortmund
884,Germany,Bundesliga,20-08-2022,Ein Frankfurt,1,1,FC Koln
885,Germany,Bundesliga,02-09-2022,Ein Frankfurt,4,0,RB Leipzig
886,Germany,Bundesliga,09-09-2022,Ein Frankfurt,0,1,Wolfsburg
887,Germany,Bundesliga,30-09-2022,Ein Frankfurt,2,0,Union Berlin
888,Germany,Bundesliga,14-10-2022,Ein Frankfurt,5,1,Leverkusen
889,Germany,Bundesliga,08-11-2022,Ein Frankfurt,4,2,Hoffenheim
890,Germany,Bundesliga,20-01-2023,Ein Frankfurt,3,0,Schalke 04
891,Germany,Bundesliga,03-02-2023,Ein Frankfurt,3,0,Hertha
892,Germany,Bundesliga,17-02-2023,Ein Frankfurt,2,0,Werder Bremen
893,Germany,Bundesliga,10-03-2023,Ein Frankfurt,1,1,Stuttgart
894,Germany,Bundesliga,14-04-2023,Ein Frankfurt,1,1,M''gladbach
895,Germany,Bundesliga,12-05-2023,Ein Frankfurt,3,0,Mainz
896,Germany,Bundesliga,26-05-2023,Ein Frankfurt,2,1,Freiburg
897,Germany,Bundesliga,12-08-2022,Hertha,1,1,Ein Frankfurt
898,Germany,Bundesliga,27-08-2022,Werder Bremen,3,4,Ein Frankfurt
899,Germany,Bundesliga,16-09-2022,Stuttgart,1,3,Ein Frankfurt
900,Germany,Bundesliga,21-10-2022,M''gladbach,1,3,Ein Frankfurt
901,Germany,Bundesliga,12-11-2022,Mainz,1,1,Ein Frankfurt
902,Germany,Bundesliga,24-01-2023,Freiburg,1,1,Ein Frankfurt
903,Germany,Bundesliga,11-02-2023,FC Koln,3,0,Ein Frankfurt
904,Germany,Bundesliga,24-02-2023,RB Leipzig,2,1,Ein Frankfurt
905,Germany,Bundesliga,04-03-2023,Wolfsburg,2,2,Ein Frankfurt
906,Germany,Bundesliga,18-03-2023,Union Berlin,2,0,Ein Frankfurt
907,Germany,Bundesliga,07-04-2023,Leverkusen,3,1,Ein Frankfurt
908,Germany,Bundesliga,05-05-2023,Hoffenheim,3,1,Ein Frankfurt
909,Germany,Bundesliga,19-05-2023,Schalke 04,2,2,Ein Frankfurt
910,Germany,Bundesliga,06-08-2022,FC Koln,3,1,Schalke 04
911,Germany,Bundesliga,27-08-2022,FC Koln,0,0,Stuttgart
912,Germany,Bundesliga,10-09-2022,FC Koln,0,1,Union Berlin
913,Germany,Bundesliga,29-10-2022,FC Koln,1,1,Hoffenheim
914,Germany,Bundesliga,08-11-2022,FC Koln,1,2,Leverkusen
915,Germany,Bundesliga,20-01-2023,FC Koln,7,1,Werder Bremen
916,Germany,Bundesliga,03-02-2023,FC Koln,0,0,RB Leipzig
917,Germany,Bundesliga,24-02-2023,FC Koln,0,2,Wolfsburg
918,Germany,Bundesliga,01-04-2023,FC Koln,0,0,M''gladbach
919,Germany,Bundesliga,14-04-2023,FC Koln,1,1,Mainz
920,Germany,Bundesliga,28-04-2023,FC Koln,0,1,Freiburg
921,Germany,Bundesliga,11-05-2023,FC Koln,5,2,Hertha
922,Germany,Bundesliga,12-08-2022,RB Leipzig,2,2,FC Koln
923,Germany,Bundesliga,02-09-2022,Wolfsburg,2,4,FC Koln
924,Germany,Bundesliga,08-10-2022,M''gladbach,5,2,FC Koln
925,Germany,Bundesliga,20-10-2022,Mainz,5,0,FC Koln
926,Germany,Bundesliga,05-11-2022,Freiburg,2,0,FC Koln
927,Germany,Bundesliga,11-11-2022,Hertha,2,0,FC Koln
928,Germany,Bundesliga,28-01-2023,Schalke 04,0,0,FC Koln
929,Germany,Bundesliga,17-02-2023,Stuttgart,3,0,FC Koln
930,Germany,Bundesliga,03-03-2023,Union Berlin,0,0,FC Koln
931,Germany,Bundesliga,21-04-2023,Hoffenheim,1,3,FC Koln
932,Germany,Bundesliga,04-05-2023,Leverkusen,1,2,FC Koln
933,Germany,Bundesliga,19-05-2023,Werder Bremen,1,1,FC Koln
934,Germany,Bundesliga,10-09-2022,Freiburg,0,0,M''gladbach
935,Germany,Bundesliga,30-09-2022,Freiburg,2,1,Mainz
936,Germany,Bundesliga,21-10-2022,Freiburg,2,0,Werder Bremen
937,Germany,Bundesliga,12-11-2022,Freiburg,4,1,Union Berlin
938,Germany,Bundesliga,10-02-2023,Freiburg,2,1,Stuttgart
939,Germany,Bundesliga,25-02-2023,Freiburg,1,1,Leverkusen
940,Germany,Bundesliga,11-03-2023,Freiburg,2,1,Hoffenheim
941,Germany,Bundesliga,31-03-2023,Freiburg,1,1,Hertha
942,Germany,Bundesliga,22-04-2023,Freiburg,4,0,Schalke 04
943,Germany,Bundesliga,05-05-2023,Freiburg,0,1,RB Leipzig
944,Germany,Bundesliga,18-05-2023,Freiburg,2,0,Wolfsburg
945,Germany,Bundesliga,19-08-2022,Stuttgart,0,1,Freiburg
946,Germany,Bundesliga,02-09-2022,Leverkusen,2,3,Freiburg
947,Germany,Bundesliga,17-09-2022,Hoffenheim,0,0,Freiburg
948,Germany,Bundesliga,08-10-2022,Hertha,2,2,Freiburg
949,Germany,Bundesliga,29-10-2022,Schalke 04,0,2,Freiburg
950,Germany,Bundesliga,08-11-2022,RB Leipzig,3,1,Freiburg
951,Germany,Bundesliga,20-01-2023,Wolfsburg,6,0,Freiburg
952,Germany,Bundesliga,03-03-2023,M''gladbach,0,0,Freiburg
953,Germany,Bundesliga,18-03-2023,Mainz,1,1,Freiburg
954,Germany,Bundesliga,15-04-2023,Werder Bremen,1,2,Freiburg
955,Germany,Bundesliga,12-05-2023,Union Berlin,4,2,Freiburg
956,Germany,Bundesliga,04-06-2023,Hamburg,1,3,Stuttgart
957,Germany,Bundesliga,31-05-2023,Stuttgart,3,0,Hamburg
958,Germany,Bundesliga,09-09-2022,Hertha,2,2,Leverkusen
959,Germany,Bundesliga,01-10-2022,Hertha,1,1,Hoffenheim
960,Germany,Bundesliga,22-10-2022,Hertha,2,1,Schalke 04
961,Germany,Bundesliga,23-01-2023,Hertha,0,5,Wolfsburg
962,Germany,Bundesliga,27-01-2023,Hertha,0,2,Union Berlin
963,Germany,Bundesliga,11-02-2023,Hertha,4,1,M''gladbach
964,Germany,Bundesliga,10-03-2023,Hertha,1,1,Mainz
965,Germany,Bundesliga,07-04-2023,Hertha,0,1,RB Leipzig
966,Germany,Bundesliga,21-04-2023,Hertha,2,4,Werder Bremen
967,Germany,Bundesliga,05-05-2023,Hertha,2,1,Stuttgart
968,Germany,Bundesliga,05-08-2022,Union Berlin,3,1,Hertha
969,Germany,Bundesliga,18-08-2022,M''gladbach,1,0,Hertha
970,Germany,Bundesliga,15-09-2022,Mainz,1,1,Hertha
971,Germany,Bundesliga,14-10-2022,RB Leipzig,3,2,Hertha
972,Germany,Bundesliga,27-10-2022,Werder Bremen,1,0,Hertha
973,Germany,Bundesliga,07-11-2022,Stuttgart,2,1,Hertha
974,Germany,Bundesliga,04-03-2023,Leverkusen,4,1,Hertha
975,Germany,Bundesliga,17-03-2023,Hoffenheim,3,1,Hertha
976,Germany,Bundesliga,13-04-2023,Schalke 04,5,2,Hertha
977,Germany,Bundesliga,26-05-2023,Wolfsburg,1,2,Hertha
978,Germany,Bundesliga,09-09-2022,Hoffenheim,4,1,Mainz
979,Germany,Bundesliga,06-10-2022,Hoffenheim,1,2,Werder Bremen
980,Germany,Bundesliga,04-11-2022,Hoffenheim,1,3,RB Leipzig
981,Germany,Bundesliga,11-11-2022,Hoffenheim,1,2,Wolfsburg
982,Germany,Bundesliga,23-01-2023,Hoffenheim,2,2,Stuttgart
983,Germany,Bundesliga,27-01-2023,Hoffenheim,1,4,M''gladbach
984,Germany,Bundesliga,10-02-2023,Hoffenheim,1,3,Leverkusen
985,Germany,Bundesliga,08-04-2023,Hoffenheim,2,0,Schalke 04
986,Germany,Bundesliga,19-05-2023,Hoffenheim,4,2,Union Berlin
987,Germany,Bundesliga,05-08-2022,M''gladbach,3,1,Hoffenheim
988,Germany,Bundesliga,19-08-2022,Leverkusen,0,3,Hoffenheim
989,Germany,Bundesliga,13-10-2022,Schalke 04,0,3,Hoffenheim
990,Germany,Bundesliga,20-01-2023,Union Berlin,3,1,Hoffenheim
991,Germany,Bundesliga,03-03-2023,Mainz,1,0,Hoffenheim
992,Germany,Bundesliga,01-04-2023,Werder Bremen,1,2,Hoffenheim
993,Germany,Bundesliga,28-04-2023,RB Leipzig,1,0,Hoffenheim
994,Germany,Bundesliga,12-05-2023,Wolfsburg,2,1,Hoffenheim
995,Germany,Bundesliga,26-05-2023,Stuttgart,1,1,Hoffenheim
996,Germany,Bundesliga,16-09-2022,Leverkusen,1,1,Werder Bremen
997,Germany,Bundesliga,07-10-2022,Leverkusen,4,0,Schalke 04
998,Germany,Bundesliga,21-10-2022,Leverkusen,2,2,Wolfsburg
999,Germany,Bundesliga,05-11-2022,Leverkusen,5,0,Union Berlin
1000,Germany,Bundesliga,11-11-2022,Leverkusen,2,0,Stuttgart
1001,Germany,Bundesliga,18-02-2023,Leverkusen,2,3,Mainz
1002,Germany,Bundesliga,22-04-2023,Leverkusen,2,0,RB Leipzig
1003,Germany,Bundesliga,20-05-2023,Leverkusen,2,2,M''gladbach
1004,Germany,Bundesliga,26-08-2022,Mainz,0,3,Leverkusen
1005,Germany,Bundesliga,28-10-2022,RB Leipzig,2,0,Leverkusen
1006,Germany,Bundesliga,21-01-2023,M''gladbach,2,3,Leverkusen
1007,Germany,Bundesliga,11-03-2023,Werder Bremen,2,3,Leverkusen
1008,Germany,Bundesliga,31-03-2023,Schalke 04,0,3,Leverkusen
1009,Germany,Bundesliga,15-04-2023,Wolfsburg,0,0,Leverkusen
1010,Germany,Bundesliga,28-04-2023,Union Berlin,0,0,Leverkusen
1011,Germany,Bundesliga,13-05-2023,Stuttgart,1,1,Leverkusen
1012,Germany,Bundesliga,03-09-2022,M''gladbach,0,1,Mainz
1013,Germany,Bundesliga,16-09-2022,M''gladbach,3,0,RB Leipzig
1014,Germany,Bundesliga,03-11-2022,M''gladbach,3,1,Stuttgart
1015,Germany,Bundesliga,03-02-2023,M''gladbach,0,0,Schalke 04
1016,Germany,Bundesliga,16-03-2023,M''gladbach,2,2,Werder Bremen
1017,Germany,Bundesliga,08-04-2023,M''gladbach,2,0,Wolfsburg
1018,Germany,Bundesliga,22-04-2023,M''gladbach,0,1,Union Berlin
1019,Germany,Bundesliga,12-08-2022,Schalke 04,2,2,M''gladbach
1020,Germany,Bundesliga,30-09-2022,Werder Bremen,5,1,M''gladbach
1021,Germany,Bundesliga,14-10-2022,Wolfsburg,2,2,M''gladbach
1022,Germany,Bundesliga,29-10-2022,Union Berlin,2,1,M''gladbach
1023,Germany,Bundesliga,23-02-2023,Mainz,4,0,M''gladbach
1024,Germany,Bundesliga,10-03-2023,RB Leipzig,3,0,M''gladbach
1025,Germany,Bundesliga,28-04-2023,Stuttgart,2,1,M''gladbach
1026,Germany,Bundesliga,13-08-2022,Mainz,0,0,Union Berlin
1027,Germany,Bundesliga,07-10-2022,Mainz,1,1,RB Leipzig
1028,Germany,Bundesliga,04-11-2022,Mainz,0,3,Wolfsburg
1029,Germany,Bundesliga,07-04-2023,Mainz,2,2,Werder Bremen
1030,Germany,Bundesliga,04-05-2023,Mainz,2,3,Schalke 04
1031,Germany,Bundesliga,20-05-2023,Mainz,1,4,Stuttgart
1032,Germany,Bundesliga,14-10-2022,Werder Bremen,0,2,Mainz
1033,Germany,Bundesliga,08-11-2022,Schalke 04,1,0,Mainz
1034,Germany,Bundesliga,20-01-2023,Stuttgart,1,1,Mainz
1035,Germany,Bundesliga,03-02-2023,Union Berlin,2,1,Mainz
1036,Germany,Bundesliga,31-03-2023,RB Leipzig,0,3,Mainz
1037,Germany,Bundesliga,29-04-2023,Wolfsburg,3,0,Mainz
1038,Germany,Bundesliga,26-08-2022,RB Leipzig,2,0,Wolfsburg
1039,Germany,Bundesliga,26-01-2023,RB Leipzig,2,1,Stuttgart
1040,Germany,Bundesliga,10-02-2023,RB Leipzig,1,2,Union Berlin
1041,Germany,Bundesliga,13-05-2023,RB Leipzig,2,1,Werder Bremen
1042,Germany,Bundesliga,26-05-2023,RB Leipzig,4,2,Schalke 04
1043,Germany,Bundesliga,06-08-2022,Stuttgart,1,1,RB Leipzig
1044,Germany,Bundesliga,19-08-2022,Union Berlin,2,1,RB Leipzig
1045,Germany,Bundesliga,11-11-2022,Werder Bremen,1,2,RB Leipzig
1046,Germany,Bundesliga,23-01-2023,Schalke 04,1,6,RB Leipzig
1047,Germany,Bundesliga,17-02-2023,Wolfsburg,0,3,RB Leipzig
1048,Germany,Bundesliga,26-08-2022,Schalke 04,1,6,Union Berlin
1049,Germany,Bundesliga,09-02-2023,Schalke 04,0,0,Wolfsburg
1050,Germany,Bundesliga,24-02-2023,Schalke 04,2,1,Stuttgart
1051,Germany,Bundesliga,28-04-2023,Schalke 04,2,1,Werder Bremen
1052,Germany,Bundesliga,19-08-2022,Wolfsburg,0,0,Schalke 04
1053,Germany,Bundesliga,02-09-2022,Stuttgart,1,1,Schalke 04
1054,Germany,Bundesliga,04-11-2022,Werder Bremen,2,1,Schalke 04
1055,Germany,Bundesliga,18-02-2023,Union Berlin,0,0,Schalke 04
1056,Germany,Bundesliga,08-10-2022,Stuttgart,0,1,Union Berlin
1057,Germany,Bundesliga,04-02-2023,Stuttgart,0,2,Werder Bremen
1058,Germany,Bundesliga,17-03-2023,Stuttgart,0,1,Wolfsburg
1059,Germany,Bundesliga,12-08-2022,Werder Bremen,2,2,Stuttgart
1060,Germany,Bundesliga,30-09-2022,Wolfsburg,3,2,Stuttgart
1061,Germany,Bundesliga,31-03-2023,Union Berlin,3,0,Stuttgart
1062,Germany,Bundesliga,17-09-2022,Union Berlin,2,0,Wolfsburg
1063,Germany,Bundesliga,26-05-2023,Union Berlin,1,0,Werder Bremen
1064,Germany,Bundesliga,24-01-2023,Werder Bremen,1,2,Union Berlin
1065,Germany,Bundesliga,11-03-2023,Wolfsburg,1,1,Union Berlin
1066,Germany,Bundesliga,27-01-2023,Werder Bremen,2,1,Wolfsburg
1067,Germany,Bundesliga,05-08-2022,Wolfsburg,2,2,Werder Bremen
1068,Italy,Serie A,20-08-2022,Atalanta,1,1,Milan
1069,Italy,Serie A,31-08-2022,Atalanta,3,1,Torino
1070,Italy,Serie A,10-09-2022,Atalanta,1,1,Cremonese
1071,Italy,Serie A,01-10-2022,Atalanta,1,0,Fiorentina
1072,Italy,Serie A,14-10-2022,Atalanta,2,1,Sassuolo
1073,Italy,Serie A,22-10-2022,Atalanta,0,2,Lazio
1074,Italy,Serie A,04-11-2022,Atalanta,1,2,Napoli
1075,Italy,Serie A,12-11-2022,Atalanta,2,3,Inter
1076,Italy,Serie A,14-01-2023,Atalanta,8,2,Salernitana
1077,Italy,Serie A,27-01-2023,Atalanta,2,0,Sampdoria
1078,Italy,Serie A,18-02-2023,Atalanta,1,2,Lecce
1079,Italy,Serie A,03-03-2023,Atalanta,0,0,Udinese
1080,Italy,Serie A,16-03-2023,Atalanta,2,1,Empoli
1081,Italy,Serie A,07-04-2023,Atalanta,0,2,Bologna
1082,Italy,Serie A,23-04-2023,Atalanta,3,1,Roma
1083,Italy,Serie A,02-05-2023,Atalanta,3,2,Spezia
1084,Italy,Serie A,06-05-2023,Atalanta,0,2,Juventus
1085,Italy,Serie A,19-05-2023,Atalanta,3,1,Verona
1086,Italy,Serie A,03-06-2023,Atalanta,5,2,Monza
1087,Italy,Serie A,12-08-2022,Sampdoria,0,2,Atalanta
1088,Italy,Serie A,27-08-2022,Verona,0,1,Atalanta
1089,Italy,Serie A,04-09-2022,Monza,0,2,Atalanta
1090,Italy,Serie A,17-09-2022,Roma,0,1,Atalanta
1091,Italy,Serie A,08-10-2022,Udinese,2,2,Atalanta
1092,Italy,Serie A,29-10-2022,Empoli,0,2,Atalanta
1093,Italy,Serie A,08-11-2022,Lecce,2,1,Atalanta
1094,Italy,Serie A,03-01-2023,Spezia,2,2,Atalanta
1095,Italy,Serie A,08-01-2023,Bologna,1,2,Atalanta
1096,Italy,Serie A,21-01-2023,Juventus,3,3,Atalanta
1097,Italy,Serie A,03-02-2023,Sassuolo,1,0,Atalanta
1098,Italy,Serie A,10-02-2023,Lazio,0,2,Atalanta
1099,Italy,Serie A,25-02-2023,Milan,2,0,Atalanta
1100,Italy,Serie A,10-03-2023,Napoli,2,0,Atalanta
1101,Italy,Serie A,31-03-2023,Cremonese,1,3,Atalanta
1102,Italy,Serie A,16-04-2023,Fiorentina,1,1,Atalanta
1103,Italy,Serie A,28-04-2023,Torino,1,2,Atalanta
1104,Italy,Serie A,12-05-2023,Salernitana,1,0,Atalanta
1105,Italy,Serie A,26-05-2023,Inter,3,2,Atalanta
1106,Italy,Serie A,20-08-2022,Bologna,1,1,Verona
1107,Italy,Serie A,31-08-2022,Bologna,1,1,Salernitana
1108,Italy,Serie A,10-09-2022,Bologna,2,1,Fiorentina
1109,Italy,Serie A,16-09-2022,Bologna,0,1,Empoli
1110,Italy,Serie A,07-10-2022,Bologna,1,1,Sampdoria
1111,Italy,Serie A,22-10-2022,Bologna,2,0,Lecce
1112,Italy,Serie A,05-11-2022,Bologna,2,1,Torino
1113,Italy,Serie A,11-11-2022,Bologna,3,0,Sassuolo
1114,Italy,Serie A,22-01-2023,Bologna,1,1,Cremonese
1115,Italy,Serie A,26-01-2023,Bologna,2,0,Spezia
1116,Italy,Serie A,11-02-2023,Bologna,0,1,Monza
1117,Italy,Serie A,25-02-2023,Bologna,1,0,Inter
1118,Italy,Serie A,10-03-2023,Bologna,0,0,Lazio
1119,Italy,Serie A,01-04-2023,Bologna,3,0,Udinese
1120,Italy,Serie A,14-04-2023,Bologna,1,1,Milan
1121,Italy,Serie A,29-04-2023,Bologna,1,1,Juventus
1122,Italy,Serie A,13-05-2023,Bologna,0,0,Roma
1123,Italy,Serie A,27-05-2023,Bologna,2,2,Napoli
1124,Italy,Serie A,13-08-2022,Lazio,2,1,Bologna
1125,Italy,Serie A,26-08-2022,Milan,2,0,Bologna
1126,Italy,Serie A,03-09-2022,Spezia,2,2,Bologna
1127,Italy,Serie A,01-10-2022,Juventus,3,0,Bologna
1128,Italy,Serie A,15-10-2022,Napoli,3,2,Bologna
1129,Italy,Serie A,30-10-2022,Monza,1,2,Bologna
1130,Italy,Serie A,08-11-2022,Inter,6,1,Bologna
1131,Italy,Serie A,03-01-2023,Roma,1,0,Bologna
1132,Italy,Serie A,14-01-2023,Udinese,1,2,Bologna
1133,Italy,Serie A,04-02-2023,Fiorentina,1,2,Bologna
1134,Italy,Serie A,17-02-2023,Sampdoria,1,2,Bologna
1135,Italy,Serie A,05-03-2023,Torino,1,0,Bologna
1136,Italy,Serie A,17-03-2023,Salernitana,2,2,Bologna
1137,Italy,Serie A,20-04-2023,Verona,2,1,Bologna
1138,Italy,Serie A,03-05-2023,Empoli,3,1,Bologna
1139,Italy,Serie A,07-05-2023,Sassuolo,1,1,Bologna
1140,Italy,Serie A,19-05-2023,Cremonese,1,5,Bologna
1141,Italy,Serie A,03-06-2023,Lecce,2,3,Bologna
1142,Italy,Serie A,26-08-2022,Cremonese,1,2,Torino
1143,Italy,Serie A,03-09-2022,Cremonese,0,0,Sassuolo
1144,Italy,Serie A,17-09-2022,Cremonese,0,4,Lazio
1145,Italy,Serie A,08-10-2022,Cremonese,1,4,Napoli
1146,Italy,Serie A,23-10-2022,Cremonese,0,1,Sampdoria
1147,Italy,Serie A,29-10-2022,Cremonese,0,0,Udinese
1148,Italy,Serie A,07-11-2022,Cremonese,0,0,Milan
1149,Italy,Serie A,03-01-2023,Cremonese,0,1,Juventus
1150,Italy,Serie A,13-01-2023,Cremonese,2,3,Monza
1151,Italy,Serie A,27-01-2023,Cremonese,1,2,Inter
1152,Italy,Serie A,03-02-2023,Cremonese,0,2,Lecce
1153,Italy,Serie A,27-02-2023,Cremonese,2,1,Roma
1154,Italy,Serie A,11-03-2023,Cremonese,0,2,Fiorentina
1155,Italy,Serie A,13-04-2023,Cremonese,1,0,Empoli
1156,Italy,Serie A,29-04-2023,Cremonese,1,1,Verona
1157,Italy,Serie A,05-05-2023,Cremonese,2,0,Spezia
1158,Italy,Serie A,02-06-2023,Cremonese,2,0,Salernitana
1159,Italy,Serie A,13-08-2022,Fiorentina,3,2,Cremonese
1160,Italy,Serie A,21-08-2022,Roma,1,0,Cremonese
1161,Italy,Serie A,29-08-2022,Inter,3,1,Cremonese
1162,Italy,Serie A,01-10-2022,Lecce,1,1,Cremonese
1163,Italy,Serie A,15-10-2022,Spezia,2,2,Cremonese
1164,Italy,Serie A,04-11-2022,Salernitana,2,2,Cremonese
1165,Italy,Serie A,10-11-2022,Empoli,2,0,Cremonese
1166,Italy,Serie A,08-01-2023,Verona,2,0,Cremonese
1167,Italy,Serie A,11-02-2023,Napoli,3,0,Cremonese
1168,Italy,Serie A,19-02-2023,Torino,2,2,Cremonese
1169,Italy,Serie A,05-03-2023,Sassuolo,3,2,Cremonese
1170,Italy,Serie A,17-03-2023,Monza,1,1,Cremonese
1171,Italy,Serie A,07-04-2023,Sampdoria,2,3,Cremonese
1172,Italy,Serie A,22-04-2023,Udinese,3,0,Cremonese
1173,Italy,Serie A,02-05-2023,Milan,1,1,Cremonese
1174,Italy,Serie A,13-05-2023,Juventus,2,0,Cremonese
1175,Italy,Serie A,27-05-2023,Lazio,3,2,Cremonese
1176,Italy,Serie A,20-08-2022,Empoli,0,0,Fiorentina
1177,Italy,Serie A,30-08-2022,Empoli,1,1,Verona
1178,Italy,Serie A,11-09-2022,Empoli,1,2,Roma
1179,Italy,Serie A,30-09-2022,Empoli,1,3,Milan
1180,Italy,Serie A,14-10-2022,Empoli,1,0,Monza
1181,Italy,Serie A,04-11-2022,Empoli,1,0,Sassuolo
1182,Italy,Serie A,15-01-2023,Empoli,1,0,Sampdoria
1183,Italy,Serie A,27-01-2023,Empoli,2,2,Torino
1184,Italy,Serie A,10-02-2023,Empoli,2,2,Spezia
1185,Italy,Serie A,24-02-2023,Empoli,0,2,Napoli
1186,Italy,Serie A,10-03-2023,Empoli,0,1,Udinese
1187,Italy,Serie A,02-04-2023,Empoli,1,0,Lecce
1188,Italy,Serie A,22-04-2023,Empoli,0,3,Inter
1189,Italy,Serie A,07-05-2023,Empoli,2,1,Salernitana
1190,Italy,Serie A,21-05-2023,Empoli,4,1,Juventus
1191,Italy,Serie A,02-06-2023,Empoli,0,2,Lazio
1192,Italy,Serie A,13-08-2022,Spezia,1,0,Empoli
1193,Italy,Serie A,27-08-2022,Lecce,1,1,Empoli
1194,Italy,Serie A,04-09-2022,Salernitana,2,2,Empoli
1195,Italy,Serie A,08-10-2022,Torino,1,1,Empoli
1196,Italy,Serie A,20-10-2022,Juventus,4,0,Empoli
1197,Italy,Serie A,07-11-2022,Napoli,2,0,Empoli
1198,Italy,Serie A,03-01-2023,Udinese,1,1,Empoli
1199,Italy,Serie A,07-01-2023,Lazio,2,2,Empoli
1200,Italy,Serie A,22-01-2023,Inter,0,1,Empoli
1201,Italy,Serie A,03-02-2023,Roma,2,0,Empoli
1202,Italy,Serie A,18-02-2023,Fiorentina,1,1,Empoli
1203,Italy,Serie A,03-03-2023,Monza,2,1,Empoli
1204,Italy,Serie A,06-04-2023,Milan,0,0,Empoli
1205,Italy,Serie A,29-04-2023,Sassuolo,2,1,Empoli
1206,Italy,Serie A,14-05-2023,Sampdoria,1,1,Empoli
1207,Italy,Serie A,27-05-2023,Verona,1,1,Empoli
1208,Italy,Serie A,27-08-2022,Fiorentina,0,0,Napoli
1209,Italy,Serie A,02-09-2022,Fiorentina,1,1,Juventus
1210,Italy,Serie A,17-09-2022,Fiorentina,2,0,Verona
1211,Italy,Serie A,09-10-2022,Fiorentina,0,4,Lazio
1212,Italy,Serie A,21-10-2022,Fiorentina,3,4,Inter
1213,Italy,Serie A,08-11-2022,Fiorentina,2,1,Salernitana
1214,Italy,Serie A,03-01-2023,Fiorentina,1,1,Monza
1215,Italy,Serie A,06-01-2023,Fiorentina,2,1,Sassuolo
1216,Italy,Serie A,20-01-2023,Fiorentina,0,1,Torino
1217,Italy,Serie A,03-03-2023,Fiorentina,2,1,Milan
1218,Italy,Serie A,18-03-2023,Fiorentina,1,0,Lecce
1219,Italy,Serie A,07-04-2023,Fiorentina,1,1,Spezia
1220,Italy,Serie A,29-04-2023,Fiorentina,5,0,Sampdoria
1221,Italy,Serie A,13-05-2023,Fiorentina,2,0,Udinese
1222,Italy,Serie A,26-05-2023,Fiorentina,2,1,Roma
1223,Italy,Serie A,30-08-2022,Udinese,1,0,Fiorentina
1224,Italy,Serie A,16-10-2022,Lecce,1,1,Fiorentina
1225,Italy,Serie A,29-10-2022,Spezia,1,2,Fiorentina
1226,Italy,Serie A,05-11-2022,Sampdoria,0,2,Fiorentina
1227,Italy,Serie A,12-11-2022,Milan,2,1,Fiorentina
1228,Italy,Serie A,14-01-2023,Roma,2,0,Fiorentina
1229,Italy,Serie A,28-01-2023,Lazio,1,1,Fiorentina
1230,Italy,Serie A,11-02-2023,Juventus,1,0,Fiorentina
1231,Italy,Serie A,26-02-2023,Verona,0,3,Fiorentina
1232,Italy,Serie A,31-03-2023,Inter,0,1,Fiorentina
1233,Italy,Serie A,22-04-2023,Monza,3,2,Fiorentina
1234,Italy,Serie A,02-05-2023,Salernitana,3,3,Fiorentina
1235,Italy,Serie A,06-05-2023,Napoli,1,0,Fiorentina
1236,Italy,Serie A,20-05-2023,Torino,1,1,Fiorentina
1237,Italy,Serie A,01-06-2023,Sassuolo,1,3,Fiorentina
1238,Italy,Serie A,19-08-2022,Inter,3,0,Spezia
1239,Italy,Serie A,09-09-2022,Inter,1,0,Torino
1240,Italy,Serie A,30-09-2022,Inter,1,2,Roma
1241,Italy,Serie A,15-10-2022,Inter,2,0,Salernitana
1242,Italy,Serie A,28-10-2022,Inter,3,0,Sampdoria
1243,Italy,Serie A,03-01-2023,Inter,1,0,Napoli
1244,Italy,Serie A,13-01-2023,Inter,1,0,Verona
1245,Italy,Serie A,04-02-2023,Inter,1,0,Milan
1246,Italy,Serie A,17-02-2023,Inter,3,1,Udinese
1247,Italy,Serie A,04-03-2023,Inter,2,0,Lecce
1248,Italy,Serie A,18-03-2023,Inter,0,1,Juventus
1249,Italy,Serie A,14-04-2023,Inter,0,1,Monza
1250,Italy,Serie A,29-04-2023,Inter,3,1,Lazio
1251,Italy,Serie A,12-05-2023,Inter,4,2,Sassuolo
1252,Italy,Serie A,12-08-2022,Lecce,1,2,Inter
1253,Italy,Serie A,25-08-2022,Lazio,3,1,Inter
1254,Italy,Serie A,02-09-2022,Milan,3,2,Inter
1255,Italy,Serie A,17-09-2022,Udinese,3,1,Inter
1256,Italy,Serie A,07-10-2022,Sassuolo,1,2,Inter
1257,Italy,Serie A,05-11-2022,Juventus,2,0,Inter
1258,Italy,Serie A,06-01-2023,Monza,2,2,Inter
1259,Italy,Serie A,12-02-2023,Sampdoria,0,0,Inter
1260,Italy,Serie A,09-03-2023,Spezia,2,1,Inter
1261,Italy,Serie A,06-04-2023,Salernitana,1,1,Inter
1262,Italy,Serie A,02-05-2023,Verona,0,6,Inter
1263,Italy,Serie A,05-05-2023,Roma,0,2,Inter
1264,Italy,Serie A,20-05-2023,Napoli,3,1,Inter
1265,Italy,Serie A,02-06-2023,Torino,0,1,Inter
1266,Italy,Serie A,14-08-2022,Juventus,3,0,Sassuolo
1267,Italy,Serie A,26-08-2022,Juventus,1,1,Roma
1268,Italy,Serie A,30-08-2022,Juventus,2,0,Spezia
1269,Italy,Serie A,10-09-2022,Juventus,2,2,Salernitana
1270,Italy,Serie A,12-11-2022,Juventus,3,0,Lazio
1271,Italy,Serie A,06-01-2023,Juventus,1,0,Udinese
1272,Italy,Serie A,28-01-2023,Juventus,0,2,Monza
1273,Italy,Serie A,27-02-2023,Juventus,4,2,Torino
1274,Italy,Serie A,11-03-2023,Juventus,4,2,Sampdoria
1275,Italy,Serie A,31-03-2023,Juventus,1,0,Verona
1276,Italy,Serie A,22-04-2023,Juventus,0,1,Napoli
1277,Italy,Serie A,02-05-2023,Juventus,2,1,Lecce
1278,Italy,Serie A,27-05-2023,Juventus,0,1,Milan
1279,Italy,Serie A,21-08-2022,Sampdoria,0,0,Juventus
1280,Italy,Serie A,17-09-2022,Monza,1,0,Juventus
1281,Italy,Serie A,07-10-2022,Milan,2,0,Juventus
1282,Italy,Serie A,14-10-2022,Torino,0,1,Juventus
1283,Italy,Serie A,28-10-2022,Lecce,0,1,Juventus
1284,Italy,Serie A,09-11-2022,Verona,0,1,Juventus
1285,Italy,Serie A,12-01-2023,Napoli,5,1,Juventus
1286,Italy,Serie A,06-02-2023,Salernitana,0,3,Juventus
1287,Italy,Serie A,18-02-2023,Spezia,0,2,Juventus
1288,Italy,Serie A,04-03-2023,Roma,1,0,Juventus
1289,Italy,Serie A,07-04-2023,Lazio,2,1,Juventus
1290,Italy,Serie A,15-04-2023,Sassuolo,1,0,Juventus
1291,Italy,Serie A,03-06-2023,Udinese,0,1,Juventus
1292,Italy,Serie A,02-09-2022,Lazio,1,2,Napoli
1293,Italy,Serie A,10-09-2022,Lazio,2,0,Verona
1294,Italy,Serie A,01-10-2022,Lazio,4,0,Spezia
1295,Italy,Serie A,15-10-2022,Lazio,0,0,Udinese
1296,Italy,Serie A,29-10-2022,Lazio,1,3,Salernitana
1297,Italy,Serie A,09-11-2022,Lazio,1,0,Monza
1298,Italy,Serie A,23-01-2023,Lazio,4,0,Milan
1299,Italy,Serie A,26-02-2023,Lazio,1,0,Sampdoria
1300,Italy,Serie A,18-03-2023,Lazio,1,0,Roma
1301,Italy,Serie A,21-04-2023,Lazio,0,1,Torino
1302,Italy,Serie A,02-05-2023,Lazio,2,0,Sassuolo
1303,Italy,Serie A,11-05-2023,Lazio,2,2,Lecce
1304,Italy,Serie A,19-08-2022,Torino,0,0,Lazio
1305,Italy,Serie A,30-08-2022,Sampdoria,1,1,Lazio
1306,Italy,Serie A,05-11-2022,Roma,0,1,Lazio
1307,Italy,Serie A,03-01-2023,Lecce,2,1,Lazio
1308,Italy,Serie A,14-01-2023,Sassuolo,0,2,Lazio
1309,Italy,Serie A,05-02-2023,Verona,1,1,Lazio
1310,Italy,Serie A,18-02-2023,Salernitana,0,2,Lazio
1311,Italy,Serie A,02-03-2023,Napoli,0,1,Lazio
1312,Italy,Serie A,01-04-2023,Monza,0,2,Lazio
1313,Italy,Serie A,13-04-2023,Spezia,0,3,Lazio
1314,Italy,Serie A,05-05-2023,Milan,2,0,Lazio
1315,Italy,Serie A,20-05-2023,Udinese,0,1,Lazio
1316,Italy,Serie A,10-09-2022,Lecce,1,1,Monza
1317,Italy,Serie A,13-01-2023,Lecce,2,2,Milan
1318,Italy,Serie A,26-01-2023,Lecce,1,2,Salernitana
1319,Italy,Serie A,10-02-2023,Lecce,1,1,Roma
1320,Italy,Serie A,24-02-2023,Lecce,0,1,Sassuolo
1321,Italy,Serie A,11-03-2023,Lecce,0,2,Torino
1322,Italy,Serie A,06-04-2023,Lecce,1,2,Napoli
1323,Italy,Serie A,15-04-2023,Lecce,1,1,Sampdoria
1324,Italy,Serie A,27-04-2023,Lecce,1,0,Udinese
1325,Italy,Serie A,06-05-2023,Lecce,0,1,Verona
1326,Italy,Serie A,20-05-2023,Lecce,0,0,Spezia
1327,Italy,Serie A,19-08-2022,Sassuolo,1,0,Lecce
1328,Italy,Serie A,30-08-2022,Napoli,1,1,Lecce
1329,Italy,Serie A,04-09-2022,Torino,1,0,Lecce
1330,Italy,Serie A,15-09-2022,Salernitana,1,2,Lecce
1331,Italy,Serie A,08-10-2022,Roma,2,1,Lecce
1332,Italy,Serie A,03-11-2022,Udinese,1,1,Lecce
1333,Italy,Serie A,11-11-2022,Sampdoria,0,2,Lecce
1334,Italy,Serie A,07-01-2023,Spezia,0,0,Lecce
1335,Italy,Serie A,20-01-2023,Verona,2,0,Lecce
1336,Italy,Serie A,22-04-2023,Milan,2,0,Lecce
1337,Italy,Serie A,27-05-2023,Monza,0,1,Lecce
1338,Italy,Serie A,12-08-2022,Milan,4,2,Udinese
1339,Italy,Serie A,17-09-2022,Milan,1,2,Napoli
1340,Italy,Serie A,21-10-2022,Milan,4,1,Monza
1341,Italy,Serie A,04-11-2022,Milan,2,1,Spezia
1342,Italy,Serie A,07-01-2023,Milan,2,2,Roma
1343,Italy,Serie A,28-01-2023,Milan,2,5,Sassuolo
1344,Italy,Serie A,09-02-2023,Milan,1,0,Torino
1345,Italy,Serie A,12-03-2023,Milan,1,1,Salernitana
1346,Italy,Serie A,19-05-2023,Milan,5,1,Sampdoria
1347,Italy,Serie A,03-06-2023,Milan,3,1,Verona
1348,Italy,Serie A,29-08-2022,Sassuolo,0,0,Milan
1349,Italy,Serie A,09-09-2022,Sampdoria,1,2,Milan
1350,Italy,Serie A,15-10-2022,Verona,1,2,Milan
1351,Italy,Serie A,29-10-2022,Torino,2,1,Milan
1352,Italy,Serie A,03-01-2023,Salernitana,1,2,Milan
1353,Italy,Serie A,17-02-2023,Monza,0,1,Milan
1354,Italy,Serie A,17-03-2023,Udinese,3,1,Milan
1355,Italy,Serie A,01-04-2023,Napoli,0,4,Milan
1356,Italy,Serie A,28-04-2023,Roma,1,1,Milan
1357,Italy,Serie A,12-05-2023,Spezia,2,0,Milan
1358,Italy,Serie A,12-08-2022,Monza,1,2,Torino
1359,Italy,Serie A,25-08-2022,Monza,1,2,Udinese
1360,Italy,Serie A,08-10-2022,Monza,2,0,Spezia
1361,Italy,Serie A,05-11-2022,Monza,2,0,Verona
1362,Italy,Serie A,12-11-2022,Monza,3,0,Salernitana
1363,Italy,Serie A,21-01-2023,Monza,1,1,Sassuolo
1364,Italy,Serie A,05-02-2023,Monza,2,2,Sampdoria
1365,Italy,Serie A,02-05-2023,Monza,1,1,Roma
1366,Italy,Serie A,13-05-2023,Monza,2,0,Napoli
1367,Italy,Serie A,20-08-2022,Napoli,4,0,Monza
1368,Italy,Serie A,29-08-2022,Roma,3,0,Monza
1369,Italy,Serie A,01-10-2022,Sampdoria,0,3,Monza
1370,Italy,Serie A,25-02-2023,Salernitana,3,0,Monza
1371,Italy,Serie A,11-03-2023,Verona,1,1,Monza
1372,Italy,Serie A,07-04-2023,Udinese,2,2,Monza
1373,Italy,Serie A,27-04-2023,Spezia,0,2,Monza
1374,Italy,Serie A,06-05-2023,Torino,1,1,Monza
1375,Italy,Serie A,18-05-2023,Sassuolo,1,2,Monza
1376,Italy,Serie A,09-09-2022,Napoli,1,0,Spezia
1377,Italy,Serie A,30-09-2022,Napoli,3,1,Torino
1378,Italy,Serie A,28-10-2022,Napoli,4,0,Sassuolo
1379,Italy,Serie A,11-11-2022,Napoli,3,2,Udinese
1380,Italy,Serie A,28-01-2023,Napoli,2,1,Roma
1381,Italy,Serie A,14-04-2023,Napoli,0,0,Verona
1382,Italy,Serie A,29-04-2023,Napoli,1,1,Salernitana
1383,Italy,Serie A,03-06-2023,Napoli,2,0,Sampdoria
1384,Italy,Serie A,14-08-2022,Verona,2,5,Napoli
1385,Italy,Serie A,22-10-2022,Roma,0,1,Napoli
1386,Italy,Serie A,07-01-2023,Sampdoria,0,2,Napoli
1387,Italy,Serie A,20-01-2023,Salernitana,0,2,Napoli
1388,Italy,Serie A,04-02-2023,Spezia,0,3,Napoli
1389,Italy,Serie A,16-02-2023,Sassuolo,0,2,Napoli
1390,Italy,Serie A,18-03-2023,Torino,0,4,Napoli
1391,Italy,Serie A,03-05-2023,Udinese,1,1,Napoli
1392,Italy,Serie A,12-11-2022,Roma,1,1,Torino
1393,Italy,Serie A,18-02-2023,Roma,1,0,Verona
1394,Italy,Serie A,11-03-2023,Roma,3,4,Sassuolo
1395,Italy,Serie A,01-04-2023,Roma,3,0,Sampdoria
1396,Italy,Serie A,15-04-2023,Roma,3,0,Udinese
1397,Italy,Serie A,21-05-2023,Roma,2,2,Salernitana
1398,Italy,Serie A,03-06-2023,Roma,2,1,Spezia
1399,Italy,Serie A,13-08-2022,Salernitana,0,1,Roma
1400,Italy,Serie A,03-09-2022,Udinese,4,0,Roma
1401,Italy,Serie A,16-10-2022,Sampdoria,0,1,Roma
1402,Italy,Serie A,30-10-2022,Verona,1,3,Roma
1403,Italy,Serie A,08-11-2022,Sassuolo,1,1,Roma
1404,Italy,Serie A,21-01-2023,Spezia,0,2,Roma
1405,Italy,Serie A,07-04-2023,Torino,0,1,Roma
1406,Italy,Serie A,27-08-2022,Salernitana,4,0,Sampdoria
1407,Italy,Serie A,08-10-2022,Salernitana,2,1,Verona
1408,Italy,Serie A,21-10-2022,Salernitana,1,0,Spezia
1409,Italy,Serie A,07-01-2023,Salernitana,1,1,Torino
1410,Italy,Serie A,21-04-2023,Salernitana,3,0,Sassuolo
1411,Italy,Serie A,26-05-2023,Salernitana,3,2,Udinese
1412,Italy,Serie A,19-08-2022,Udinese,0,0,Salernitana
1413,Italy,Serie A,01-10-2022,Sassuolo,5,0,Salernitana
1414,Italy,Serie A,12-02-2023,Verona,1,0,Salernitana
1415,Italy,Serie A,04-03-2023,Sampdoria,0,0,Salernitana
1416,Italy,Serie A,01-04-2023,Spezia,1,1,Salernitana
1417,Italy,Serie A,15-04-2023,Torino,1,1,Salernitana
1418,Italy,Serie A,21-01-2023,Sampdoria,0,1,Udinese
1419,Italy,Serie A,18-03-2023,Sampdoria,3,1,Verona
1420,Italy,Serie A,21-04-2023,Sampdoria,1,1,Spezia
1421,Italy,Serie A,02-05-2023,Sampdoria,0,2,Torino
1422,Italy,Serie A,25-05-2023,Sampdoria,2,2,Sassuolo
1423,Italy,Serie A,03-09-2022,Verona,2,1,Sampdoria
1424,Italy,Serie A,16-09-2022,Spezia,2,1,Sampdoria
1425,Italy,Serie A,08-11-2022,Torino,2,0,Sampdoria
1426,Italy,Serie A,03-01-2023,Sassuolo,1,2,Sampdoria
1427,Italy,Serie A,07-05-2023,Udinese,2,0,Sampdoria
1428,Italy,Serie A,10-09-2022,Sassuolo,1,3,Udinese
1429,Italy,Serie A,23-10-2022,Sassuolo,2,1,Verona
1430,Italy,Serie A,16-03-2023,Sassuolo,1,0,Spezia
1431,Italy,Serie A,02-04-2023,Sassuolo,1,1,Torino
1432,Italy,Serie A,26-08-2022,Spezia,2,2,Sassuolo
1433,Italy,Serie A,16-09-2022,Torino,0,1,Sassuolo
1434,Italy,Serie A,11-02-2023,Udinese,2,2,Sassuolo
1435,Italy,Serie A,07-04-2023,Verona,2,1,Sassuolo
1436,Italy,Serie A,07-11-2022,Spezia,1,1,Udinese
1437,Italy,Serie A,04-03-2023,Spezia,0,0,Verona
1438,Italy,Serie A,26-05-2023,Spezia,0,4,Torino
1439,Italy,Serie A,10-06-2023,Spezia,1,3,Verona
1440,Italy,Serie A,12-11-2022,Verona,1,2,Spezia
1441,Italy,Serie A,14-01-2023,Torino,0,1,Spezia
1442,Italy,Serie A,25-02-2023,Udinese,2,2,Spezia
1443,Italy,Serie A,03-01-2023,Torino,1,1,Verona
1444,Italy,Serie A,04-02-2023,Torino,1,0,Udinese
1445,Italy,Serie A,22-10-2022,Udinese,1,2,Torino
1446,Italy,Serie A,13-05-2023,Verona,0,1,Torino
1447,Italy,Serie A,29-01-2023,Udinese,1,1,Verona
1448,Italy,Serie A,02-10-2022,Verona,1,2,Udinese
1449,France,Ligue 1,13-08-2022,Ajaccio,0,0,Lens
1450,France,Ligue 1,25-08-2022,Ajaccio,1,3,Lille
1451,France,Ligue 1,03-09-2022,Ajaccio,0,1,Lorient
1452,France,Ligue 1,10-09-2022,Ajaccio,0,1,Nice
1453,France,Ligue 1,01-10-2022,Ajaccio,1,3,Clermont
1454,France,Ligue 1,20-10-2022,Ajaccio,0,3,Paris SG
1455,France,Ligue 1,04-11-2022,Ajaccio,4,2,Strasbourg
1456,France,Ligue 1,27-12-2022,Ajaccio,1,0,Angers
1457,France,Ligue 1,10-01-2023,Ajaccio,0,1,Reims
1458,France,Ligue 1,28-01-2023,Ajaccio,0,2,Lyon
1459,France,Ligue 1,04-02-2023,Ajaccio,0,2,Nantes
1460,France,Ligue 1,25-02-2023,Ajaccio,2,1,Troyes
1461,France,Ligue 1,11-03-2023,Ajaccio,0,1,Montpellier
1462,France,Ligue 1,18-03-2023,Ajaccio,0,2,Monaco
1463,France,Ligue 1,08-04-2023,Ajaccio,0,3,Auxerre
1464,France,Ligue 1,22-04-2023,Ajaccio,0,0,Brest
1465,France,Ligue 1,06-05-2023,Ajaccio,0,0,Toulouse
1466,France,Ligue 1,20-05-2023,Ajaccio,0,5,Rennes
1467,France,Ligue 1,02-06-2023,Ajaccio,1,0,Marseille
1468,France,Ligue 1,04-08-2022,Lyon,2,1,Ajaccio
1469,France,Ligue 1,20-08-2022,Rennes,2,1,Ajaccio
1470,France,Ligue 1,30-08-2022,Montpellier,2,0,Ajaccio
1471,France,Ligue 1,17-09-2022,Brest,0,1,Ajaccio
1472,France,Ligue 1,07-10-2022,Marseille,1,2,Ajaccio
1473,France,Ligue 1,15-10-2022,Troyes,1,1,Ajaccio
1474,France,Ligue 1,29-10-2022,Auxerre,1,0,Ajaccio
1475,France,Ligue 1,12-11-2022,Nantes,2,2,Ajaccio
1476,France,Ligue 1,31-12-2022,Toulouse,2,0,Ajaccio
1477,France,Ligue 1,14-01-2023,Monaco,7,1,Ajaccio
1478,France,Ligue 1,31-01-2023,Angers,1,2,Ajaccio
1479,France,Ligue 1,09-02-2023,Nice,3,0,Ajaccio
1480,France,Ligue 1,18-02-2023,Lorient,3,0,Ajaccio
1481,France,Ligue 1,04-03-2023,Reims,1,0,Ajaccio
1482,France,Ligue 1,01-04-2023,Clermont,2,1,Ajaccio
1483,France,Ligue 1,15-04-2023,Strasbourg,3,1,Ajaccio
1484,France,Ligue 1,28-04-2023,Lille,3,0,Ajaccio
1485,France,Ligue 1,12-05-2023,Paris SG,5,0,Ajaccio
1486,France,Ligue 1,26-05-2023,Lens,3,0,Ajaccio
1487,France,Ligue 1,06-08-2022,Angers,0,0,Nantes
1488,France,Ligue 1,20-08-2022,Angers,1,3,Brest
1489,France,Ligue 1,30-08-2022,Angers,2,4,Reims
1490,France,Ligue 1,10-09-2022,Angers,2,1,Montpellier
1491,France,Ligue 1,29-09-2022,Angers,0,3,Marseille
1492,France,Ligue 1,08-10-2022,Angers,2,3,Strasbourg
1493,France,Ligue 1,22-10-2022,Angers,1,2,Rennes
1494,France,Ligue 1,04-11-2022,Angers,1,2,Lens
1495,France,Ligue 1,31-12-2022,Angers,1,2,Lorient
1496,France,Ligue 1,14-01-2023,Angers,1,2,Clermont
1497,France,Ligue 1,11-02-2023,Angers,1,1,Auxerre
1498,France,Ligue 1,24-02-2023,Angers,1,3,Lyon
1499,France,Ligue 1,11-03-2023,Angers,0,2,Toulouse
1500,France,Ligue 1,01-04-2023,Angers,1,1,Nice
1501,France,Ligue 1,07-04-2023,Angers,1,0,Lille
1502,France,Ligue 1,20-04-2023,Angers,1,2,Paris SG
1503,France,Ligue 1,06-05-2023,Angers,1,2,Monaco
1504,France,Ligue 1,26-05-2023,Angers,2,1,Troyes
1505,France,Ligue 1,13-08-2022,Auxerre,2,2,Angers
1506,France,Ligue 1,27-08-2022,Troyes,3,1,Angers
1507,France,Ligue 1,02-09-2022,Lyon,5,0,Angers
1508,France,Ligue 1,17-09-2022,Nice,0,1,Angers
1509,France,Ligue 1,15-10-2022,Toulouse,3,2,Angers
1510,France,Ligue 1,29-10-2022,Monaco,2,0,Angers
1511,France,Ligue 1,12-11-2022,Lille,1,0,Angers
1512,France,Ligue 1,10-01-2023,Paris SG,2,0,Angers
1513,France,Ligue 1,28-01-2023,Brest,4,0,Angers
1514,France,Ligue 1,04-02-2023,Lorient,0,0,Angers
1515,France,Ligue 1,17-02-2023,Strasbourg,2,1,Angers
1516,France,Ligue 1,04-03-2023,Montpellier,5,0,Angers
1517,France,Ligue 1,17-03-2023,Lens,3,0,Angers
1518,France,Ligue 1,15-04-2023,Clermont,2,1,Angers
1519,France,Ligue 1,29-04-2023,Rennes,4,2,Angers
1520,France,Ligue 1,13-05-2023,Marseille,3,1,Angers
1521,France,Ligue 1,20-05-2023,Reims,2,2,Angers
1522,France,Ligue 1,02-06-2023,Nantes,1,0,Angers
1523,France,Ligue 1,26-08-2022,Auxerre,1,0,Strasbourg
1524,France,Ligue 1,02-09-2022,Auxerre,0,2,Marseille
1525,France,Ligue 1,15-09-2022,Auxerre,1,3,Lorient
1526,France,Ligue 1,01-10-2022,Auxerre,1,1,Brest
1527,France,Ligue 1,15-10-2022,Auxerre,1,1,Nice
1528,France,Ligue 1,27-12-2022,Auxerre,2,3,Monaco
1529,France,Ligue 1,10-01-2023,Auxerre,0,5,Toulouse
1530,France,Ligue 1,28-01-2023,Auxerre,0,2,Montpellier
1531,France,Ligue 1,04-02-2023,Auxerre,0,0,Reims
1532,France,Ligue 1,16-02-2023,Auxerre,2,1,Lyon
1533,France,Ligue 1,10-03-2023,Auxerre,0,0,Rennes
1534,France,Ligue 1,31-03-2023,Auxerre,1,0,Troyes
1535,France,Ligue 1,15-04-2023,Auxerre,2,1,Nantes
1536,France,Ligue 1,21-04-2023,Auxerre,1,1,Lille
1537,France,Ligue 1,06-05-2023,Auxerre,1,1,Clermont
1538,France,Ligue 1,20-05-2023,Auxerre,1,2,Paris SG
1539,France,Ligue 1,02-06-2023,Auxerre,1,3,Lens
1540,France,Ligue 1,06-08-2022,Lille,4,1,Auxerre
1541,France,Ligue 1,20-08-2022,Montpellier,1,2,Auxerre
1542,France,Ligue 1,30-08-2022,Lyon,2,1,Auxerre
1543,France,Ligue 1,10-09-2022,Rennes,5,0,Auxerre
1544,France,Ligue 1,08-10-2022,Clermont,2,1,Auxerre
1545,France,Ligue 1,22-10-2022,Reims,2,1,Auxerre
1546,France,Ligue 1,03-11-2022,Troyes,1,1,Auxerre
1547,France,Ligue 1,12-11-2022,Paris SG,5,0,Auxerre
1548,France,Ligue 1,31-12-2022,Nantes,1,0,Auxerre
1549,France,Ligue 1,13-01-2023,Lens,1,0,Auxerre
1550,France,Ligue 1,31-01-2023,Monaco,3,2,Auxerre
1551,France,Ligue 1,25-02-2023,Lorient,0,1,Auxerre
1552,France,Ligue 1,02-03-2023,Nice,1,1,Auxerre
1553,France,Ligue 1,18-03-2023,Strasbourg,2,0,Auxerre
1554,France,Ligue 1,29-04-2023,Marseille,2,1,Auxerre
1555,France,Ligue 1,13-05-2023,Brest,1,0,Auxerre
1556,France,Ligue 1,26-05-2023,Toulouse,1,1,Auxerre
1557,France,Ligue 1,13-08-2022,Brest,1,1,Marseille
1558,France,Ligue 1,27-08-2022,Brest,0,7,Montpellier
1559,France,Ligue 1,03-09-2022,Brest,1,1,Strasbourg
1560,France,Ligue 1,08-10-2022,Brest,1,2,Lorient
1561,France,Ligue 1,29-10-2022,Brest,0,0,Reims
1562,France,Ligue 1,12-11-2022,Brest,2,1,Troyes
1563,France,Ligue 1,27-12-2022,Brest,2,4,Lyon
1564,France,Ligue 1,10-01-2023,Brest,0,0,Lille
1565,France,Ligue 1,04-02-2023,Brest,1,1,Lens
1566,France,Ligue 1,18-02-2023,Brest,1,2,Monaco
1567,France,Ligue 1,10-03-2023,Brest,1,2,Paris SG
1568,France,Ligue 1,01-04-2023,Brest,3,1,Toulouse
1569,France,Ligue 1,15-04-2023,Brest,1,0,Nice
1570,France,Ligue 1,02-05-2023,Brest,2,0,Nantes
1571,France,Ligue 1,20-05-2023,Brest,2,1,Clermont
1572,France,Ligue 1,02-06-2023,Brest,1,2,Rennes
1573,France,Ligue 1,06-08-2022,Lens,3,2,Brest
1574,France,Ligue 1,30-08-2022,Rennes,3,1,Brest
1575,France,Ligue 1,09-09-2022,Paris SG,1,0,Brest
1576,France,Ligue 1,15-10-2022,Nantes,4,1,Brest
1577,France,Ligue 1,22-10-2022,Clermont,1,3,Brest
1578,France,Ligue 1,05-11-2022,Nice,1,0,Brest
1579,France,Ligue 1,31-12-2022,Monaco,1,0,Brest
1580,France,Ligue 1,14-01-2023,Toulouse,1,1,Brest
1581,France,Ligue 1,31-01-2023,Lyon,0,0,Brest
1582,France,Ligue 1,11-02-2023,Montpellier,3,0,Brest
1583,France,Ligue 1,23-02-2023,Lille,2,1,Brest
1584,France,Ligue 1,04-03-2023,Strasbourg,0,1,Brest
1585,France,Ligue 1,18-03-2023,Troyes,2,2,Brest
1586,France,Ligue 1,08-04-2023,Reims,1,1,Brest
1587,France,Ligue 1,06-05-2023,Lorient,2,1,Brest
1588,France,Ligue 1,26-05-2023,Marseille,1,2,Brest
1589,France,Ligue 1,05-08-2022,Clermont,0,5,Paris SG
1590,France,Ligue 1,20-08-2022,Clermont,1,0,Nice
1591,France,Ligue 1,03-09-2022,Clermont,2,0,Toulouse
1592,France,Ligue 1,17-09-2022,Clermont,1,3,Troyes
1593,France,Ligue 1,05-11-2022,Clermont,1,1,Montpellier
1594,France,Ligue 1,27-12-2022,Clermont,0,2,Lille
1595,France,Ligue 1,10-01-2023,Clermont,2,1,Rennes
1596,France,Ligue 1,28-01-2023,Clermont,0,0,Nantes
1597,France,Ligue 1,04-02-2023,Clermont,0,2,Monaco
1598,France,Ligue 1,10-02-2023,Clermont,0,2,Marseille
1599,France,Ligue 1,25-02-2023,Clermont,1,1,Strasbourg
1600,France,Ligue 1,11-03-2023,Clermont,0,4,Lens
1601,France,Ligue 1,29-04-2023,Clermont,1,0,Reims
1602,France,Ligue 1,13-05-2023,Clermont,2,1,Lyon
1603,France,Ligue 1,26-05-2023,Clermont,2,0,Lorient
1604,France,Ligue 1,13-08-2022,Reims,2,4,Clermont
1605,France,Ligue 1,27-08-2022,Lorient,2,1,Clermont
1606,France,Ligue 1,30-08-2022,Marseille,1,0,Clermont
1607,France,Ligue 1,10-09-2022,Strasbourg,0,0,Clermont
1608,France,Ligue 1,15-10-2022,Monaco,1,1,Clermont
1609,France,Ligue 1,29-10-2022,Nantes,1,1,Clermont
1610,France,Ligue 1,11-11-2022,Lens,2,1,Clermont
1611,France,Ligue 1,31-12-2022,Lyon,0,1,Clermont
1612,France,Ligue 1,31-01-2023,Lille,0,0,Clermont
1613,France,Ligue 1,18-02-2023,Rennes,2,0,Clermont
1614,France,Ligue 1,04-03-2023,Toulouse,0,1,Clermont
1615,France,Ligue 1,18-03-2023,Montpellier,2,1,Clermont
1616,France,Ligue 1,08-04-2023,Troyes,0,2,Clermont
1617,France,Ligue 1,22-04-2023,Nice,1,2,Clermont
1618,France,Ligue 1,02-06-2023,Paris SG,2,3,Clermont
1619,France,Ligue 1,26-08-2022,Lens,2,1,Rennes
1620,France,Ligue 1,30-08-2022,Lens,5,2,Lorient
1621,France,Ligue 1,08-09-2022,Lens,1,0,Troyes
1622,France,Ligue 1,01-10-2022,Lens,1,0,Lyon
1623,France,Ligue 1,14-10-2022,Lens,1,0,Montpellier
1624,France,Ligue 1,27-10-2022,Lens,3,0,Toulouse
1625,France,Ligue 1,31-12-2022,Lens,3,1,Paris SG
1626,France,Ligue 1,31-01-2023,Lens,0,1,Nice
1627,France,Ligue 1,18-02-2023,Lens,3,1,Nantes
1628,France,Ligue 1,03-03-2023,Lens,1,1,Lille
1629,France,Ligue 1,06-04-2023,Lens,2,1,Strasbourg
1630,France,Ligue 1,21-04-2023,Lens,3,0,Monaco
1631,France,Ligue 1,05-05-2023,Lens,2,1,Marseille
1632,France,Ligue 1,11-05-2023,Lens,2,1,Reims
1633,France,Ligue 1,19-08-2022,Monaco,1,4,Lens
1634,France,Ligue 1,03-09-2022,Reims,1,1,Lens
1635,France,Ligue 1,17-09-2022,Nantes,0,0,Lens
1636,France,Ligue 1,08-10-2022,Lille,1,0,Lens
1637,France,Ligue 1,21-10-2022,Marseille,0,1,Lens
1638,France,Ligue 1,28-12-2022,Nice,0,0,Lens
1639,France,Ligue 1,10-01-2023,Strasbourg,2,2,Lens
1640,France,Ligue 1,27-01-2023,Troyes,1,1,Lens
1641,France,Ligue 1,11-02-2023,Lyon,2,1,Lens
1642,France,Ligue 1,24-02-2023,Montpellier,1,1,Lens
1643,France,Ligue 1,31-03-2023,Rennes,0,1,Lens
1644,France,Ligue 1,14-04-2023,Paris SG,3,1,Lens
1645,France,Ligue 1,01-05-2023,Toulouse,0,1,Lens
1646,France,Ligue 1,20-05-2023,Lorient,1,3,Lens
1647,France,Ligue 1,20-08-2022,Lille,1,7,Paris SG
1648,France,Ligue 1,30-08-2022,Lille,1,2,Nice
1649,France,Ligue 1,16-09-2022,Lille,2,1,Toulouse
1650,France,Ligue 1,22-10-2022,Lille,4,3,Monaco
1651,France,Ligue 1,05-11-2022,Lille,1,1,Rennes
1652,France,Ligue 1,01-01-2023,Lille,1,1,Reims
1653,France,Ligue 1,14-01-2023,Lille,5,1,Troyes
1654,France,Ligue 1,11-02-2023,Lille,2,0,Strasbourg
1655,France,Ligue 1,09-03-2023,Lille,3,3,Lyon
1656,France,Ligue 1,01-04-2023,Lille,3,1,Lorient
1657,France,Ligue 1,15-04-2023,Lille,2,1,Montpellier
1658,France,Ligue 1,19-05-2023,Lille,2,1,Marseille
1659,France,Ligue 1,26-05-2023,Lille,2,1,Nantes
1660,France,Ligue 1,11-08-2022,Nantes,1,1,Lille
1661,France,Ligue 1,03-09-2022,Montpellier,1,3,Lille
1662,France,Ligue 1,09-09-2022,Marseille,2,1,Lille
1663,France,Ligue 1,01-10-2022,Lorient,2,1,Lille
1664,France,Ligue 1,13-10-2022,Strasbourg,0,3,Lille
1665,France,Ligue 1,29-10-2022,Lyon,1,0,Lille
1666,France,Ligue 1,28-01-2023,Nice,1,0,Lille
1667,France,Ligue 1,03-02-2023,Rennes,1,3,Lille
1668,France,Ligue 1,18-02-2023,Paris SG,4,3,Lille
1669,France,Ligue 1,17-03-2023,Toulouse,0,2,Lille
1670,France,Ligue 1,05-05-2023,Reims,1,0,Lille
1671,France,Ligue 1,13-05-2023,Monaco,0,0,Lille
1672,France,Ligue 1,02-06-2023,Troyes,1,1,Lille
1673,France,Ligue 1,06-09-2022,Lorient,3,1,Lyon
1674,France,Ligue 1,10-09-2022,Lorient,3,2,Nantes
1675,France,Ligue 1,14-10-2022,Lorient,0,0,Reims
1676,France,Ligue 1,29-10-2022,Lorient,1,2,Nice
1677,France,Ligue 1,05-11-2022,Lorient,1,2,Paris SG
1678,France,Ligue 1,28-12-2022,Lorient,0,2,Montpellier
1679,France,Ligue 1,10-01-2023,Lorient,2,2,Monaco
1680,France,Ligue 1,26-01-2023,Lorient,2,1,Rennes
1681,France,Ligue 1,11-03-2023,Lorient,2,0,Troyes
1682,France,Ligue 1,08-04-2023,Lorient,0,0,Marseille
1683,France,Ligue 1,22-04-2023,Lorient,0,1,Toulouse
1684,France,Ligue 1,02-06-2023,Lorient,2,1,Strasbourg
1685,France,Ligue 1,06-08-2022,Rennes,0,1,Lorient
1686,France,Ligue 1,20-08-2022,Toulouse,2,2,Lorient
1687,France,Ligue 1,22-10-2022,Troyes,2,2,Lorient
1688,France,Ligue 1,12-11-2022,Strasbourg,1,1,Lorient
1689,France,Ligue 1,13-01-2023,Marseille,3,1,Lorient
1690,France,Ligue 1,31-01-2023,Reims,4,2,Lorient
1691,France,Ligue 1,11-02-2023,Nantes,1,0,Lorient
1692,France,Ligue 1,04-03-2023,Lyon,0,0,Lorient
1693,France,Ligue 1,18-03-2023,Nice,1,1,Lorient
1694,France,Ligue 1,15-04-2023,Monaco,3,1,Lorient
1695,France,Ligue 1,29-04-2023,Paris SG,1,3,Lorient
1696,France,Ligue 1,13-05-2023,Montpellier,1,1,Lorient
1697,France,Ligue 1,18-08-2022,Lyon,4,1,Troyes
1698,France,Ligue 1,17-09-2022,Lyon,0,1,Paris SG
1699,France,Ligue 1,06-10-2022,Lyon,1,1,Toulouse
1700,France,Ligue 1,10-11-2022,Lyon,1,1,Nice
1701,France,Ligue 1,13-01-2023,Lyon,1,2,Strasbourg
1702,France,Ligue 1,16-03-2023,Lyon,1,1,Nantes
1703,France,Ligue 1,08-04-2023,Lyon,3,1,Rennes
1704,France,Ligue 1,22-04-2023,Lyon,1,2,Marseille
1705,France,Ligue 1,06-05-2023,Lyon,5,4,Montpellier
1706,France,Ligue 1,18-05-2023,Lyon,3,1,Monaco
1707,France,Ligue 1,26-05-2023,Lyon,3,0,Reims
1708,France,Ligue 1,27-08-2022,Reims,1,1,Lyon
1709,France,Ligue 1,10-09-2022,Monaco,2,1,Lyon
1710,France,Ligue 1,15-10-2022,Rennes,3,2,Lyon
1711,France,Ligue 1,21-10-2022,Montpellier,1,2,Lyon
1712,France,Ligue 1,05-11-2022,Marseille,1,0,Lyon
1713,France,Ligue 1,10-01-2023,Nantes,0,0,Lyon
1714,France,Ligue 1,03-02-2023,Troyes,1,3,Lyon
1715,France,Ligue 1,01-04-2023,Paris SG,0,1,Lyon
1716,France,Ligue 1,13-04-2023,Toulouse,1,2,Lyon
1717,France,Ligue 1,27-04-2023,Strasbourg,1,2,Lyon
1718,France,Ligue 1,02-06-2023,Nice,3,1,Lyon
1719,France,Ligue 1,06-08-2022,Marseille,4,1,Reims
1720,France,Ligue 1,19-08-2022,Marseille,2,1,Nantes
1721,France,Ligue 1,17-09-2022,Marseille,1,1,Rennes
1722,France,Ligue 1,28-12-2022,Marseille,6,1,Toulouse
1723,France,Ligue 1,27-01-2023,Marseille,1,1,Monaco
1724,France,Ligue 1,04-02-2023,Marseille,1,3,Nice
1725,France,Ligue 1,25-02-2023,Marseille,0,3,Paris SG
1726,France,Ligue 1,11-03-2023,Marseille,2,2,Strasbourg
1727,France,Ligue 1,30-03-2023,Marseille,1,1,Montpellier
1728,France,Ligue 1,15-04-2023,Marseille,3,1,Troyes
1729,France,Ligue 1,27-08-2022,Nice,0,3,Marseille
1730,France,Ligue 1,15-10-2022,Paris SG,1,0,Marseille
1731,France,Ligue 1,28-10-2022,Strasbourg,2,2,Marseille
1732,France,Ligue 1,12-11-2022,Monaco,2,3,Marseille
1733,France,Ligue 1,01-01-2023,Montpellier,1,2,Marseille
1734,France,Ligue 1,10-01-2023,Troyes,0,2,Marseille
1735,France,Ligue 1,31-01-2023,Nantes,0,2,Marseille
1736,France,Ligue 1,18-02-2023,Toulouse,2,3,Marseille
1737,France,Ligue 1,04-03-2023,Rennes,0,1,Marseille
1738,France,Ligue 1,18-03-2023,Reims,1,2,Marseille
1739,France,Ligue 1,12-08-2022,Monaco,1,1,Rennes
1740,France,Ligue 1,30-08-2022,Monaco,2,4,Troyes
1741,France,Ligue 1,01-10-2022,Monaco,4,1,Nantes
1742,France,Ligue 1,10-02-2023,Monaco,3,1,Paris SG
1743,France,Ligue 1,25-02-2023,Monaco,0,3,Nice
1744,France,Ligue 1,11-03-2023,Monaco,0,1,Reims
1745,France,Ligue 1,01-04-2023,Monaco,4,3,Strasbourg
1746,France,Ligue 1,29-04-2023,Monaco,0,4,Montpellier
1747,France,Ligue 1,02-06-2023,Monaco,1,2,Toulouse
1748,France,Ligue 1,05-08-2022,Strasbourg,1,2,Monaco
1749,France,Ligue 1,27-08-2022,Paris SG,1,1,Monaco
1750,France,Ligue 1,03-09-2022,Nice,0,1,Monaco
1751,France,Ligue 1,17-09-2022,Reims,0,3,Monaco
1752,France,Ligue 1,08-10-2022,Montpellier,0,2,Monaco
1753,France,Ligue 1,05-11-2022,Toulouse,0,2,Monaco
1754,France,Ligue 1,04-03-2023,Troyes,2,2,Monaco
1755,France,Ligue 1,08-04-2023,Nantes,2,2,Monaco
1756,France,Ligue 1,26-05-2023,Rennes,2,0,Monaco
1757,France,Ligue 1,06-08-2022,Montpellier,3,2,Troyes
1758,France,Ligue 1,16-09-2022,Montpellier,2,1,Strasbourg
1759,France,Ligue 1,12-11-2022,Montpellier,1,1,Reims
1760,France,Ligue 1,14-01-2023,Montpellier,0,3,Nantes
1761,France,Ligue 1,31-01-2023,Montpellier,1,3,Paris SG
1762,France,Ligue 1,08-04-2023,Montpellier,1,2,Toulouse
1763,France,Ligue 1,22-04-2023,Montpellier,1,0,Rennes
1764,France,Ligue 1,26-05-2023,Montpellier,2,3,Nice
1765,France,Ligue 1,12-08-2022,Paris SG,5,2,Montpellier
1766,France,Ligue 1,01-10-2022,Toulouse,4,2,Montpellier
1767,France,Ligue 1,29-10-2022,Rennes,3,0,Montpellier
1768,France,Ligue 1,10-01-2023,Nice,6,1,Montpellier
1769,France,Ligue 1,04-02-2023,Strasbourg,2,0,Montpellier
1770,France,Ligue 1,18-02-2023,Troyes,0,1,Montpellier
1771,France,Ligue 1,19-05-2023,Nantes,0,3,Montpellier
1772,France,Ligue 1,02-06-2023,Reims,1,3,Montpellier
1773,France,Ligue 1,27-08-2022,Nantes,3,1,Toulouse
1774,France,Ligue 1,02-09-2022,Nantes,0,3,Paris SG
1775,France,Ligue 1,25-02-2023,Nantes,0,1,Rennes
1776,France,Ligue 1,11-03-2023,Nantes,2,2,Nice
1777,France,Ligue 1,01-04-2023,Nantes,0,3,Reims
1778,France,Ligue 1,22-04-2023,Nantes,2,2,Troyes
1779,France,Ligue 1,06-05-2023,Nantes,0,2,Strasbourg
1780,France,Ligue 1,30-08-2022,Strasbourg,1,1,Nantes
1781,France,Ligue 1,08-10-2022,Rennes,3,0,Nantes
1782,France,Ligue 1,22-10-2022,Nice,1,1,Nantes
1783,France,Ligue 1,05-11-2022,Reims,1,0,Nantes
1784,France,Ligue 1,27-12-2022,Troyes,0,0,Nantes
1785,France,Ligue 1,03-03-2023,Paris SG,4,2,Nantes
1786,France,Ligue 1,13-05-2023,Toulouse,0,0,Nantes
1787,France,Ligue 1,13-08-2022,Nice,1,1,Strasbourg
1788,France,Ligue 1,08-10-2022,Nice,3,2,Troyes
1789,France,Ligue 1,17-02-2023,Nice,0,0,Reims
1790,France,Ligue 1,07-04-2023,Nice,0,2,Paris SG
1791,France,Ligue 1,05-05-2023,Nice,2,1,Rennes
1792,France,Ligue 1,20-05-2023,Nice,0,0,Toulouse
1793,France,Ligue 1,06-08-2022,Toulouse,1,1,Nice
1794,France,Ligue 1,30-09-2022,Paris SG,2,1,Nice
1795,France,Ligue 1,01-01-2023,Rennes,2,1,Nice
1796,France,Ligue 1,14-01-2023,Reims,0,0,Nice
1797,France,Ligue 1,29-04-2023,Troyes,0,1,Nice
1798,France,Ligue 1,12-05-2023,Strasbourg,2,0,Nice
1799,France,Ligue 1,28-10-2022,Paris SG,4,3,Troyes
1800,France,Ligue 1,27-12-2022,Paris SG,2,1,Strasbourg
1801,France,Ligue 1,28-01-2023,Paris SG,1,1,Reims
1802,France,Ligue 1,03-02-2023,Paris SG,2,1,Toulouse
1803,France,Ligue 1,18-03-2023,Paris SG,0,2,Rennes
1804,France,Ligue 1,30-08-2022,Toulouse,0,3,Paris SG
1805,France,Ligue 1,07-10-2022,Reims,0,0,Paris SG
1806,France,Ligue 1,14-01-2023,Rennes,1,0,Paris SG
1807,France,Ligue 1,06-05-2023,Troyes,1,3,Paris SG
1808,France,Ligue 1,26-05-2023,Strasbourg,1,1,Paris SG
1809,France,Ligue 1,28-12-2022,Reims,3,1,Rennes
1810,France,Ligue 1,11-02-2023,Reims,4,0,Troyes
1811,France,Ligue 1,25-02-2023,Reims,3,0,Toulouse
1812,France,Ligue 1,22-04-2023,Reims,0,2,Strasbourg
1813,France,Ligue 1,20-08-2022,Strasbourg,1,1,Reims
1814,France,Ligue 1,10-09-2022,Toulouse,1,0,Reims
1815,France,Ligue 1,01-10-2022,Troyes,2,2,Reims
1816,France,Ligue 1,14-04-2023,Rennes,3,0,Reims
1817,France,Ligue 1,11-11-2022,Rennes,2,1,Toulouse
1818,France,Ligue 1,31-01-2023,Rennes,3,0,Strasbourg
1819,France,Ligue 1,13-05-2023,Rennes,4,0,Troyes
1820,France,Ligue 1,03-09-2022,Troyes,1,1,Rennes
1821,France,Ligue 1,30-09-2022,Strasbourg,1,3,Rennes
1822,France,Ligue 1,11-02-2023,Toulouse,3,1,Rennes
1823,France,Ligue 1,01-01-2023,Strasbourg,2,3,Troyes
1824,France,Ligue 1,28-01-2023,Strasbourg,1,2,Toulouse
1825,France,Ligue 1,22-10-2022,Toulouse,2,2,Strasbourg
1826,France,Ligue 1,20-05-2023,Troyes,1,1,Strasbourg
1827,France,Ligue 1,31-01-2023,Toulouse,4,1,Troyes
1828,France,Ligue 1,13-08-2022,Troyes,0,3,Toulouse
